date,stream_site,trap_number,species,mark,svl,total_length,wet_mass,age,notes
2007-05-31,1,7,dm,NA,32.15,66.27,0.802,NA,NA
2007-05-31,1,5,gp,NA,NA,NA,NA,NA,"Milanovich, Peterman, SamTruslow and Josh Wisdom - marked all animals the whole week with URUL green"
2007-05-31,2,6,dm,NA,NA,NA,NA,NA,NA
2007-05-31,2,7,dm,NA,39.87,59,NA,NA,regrow
2007-05-31,2,7,dm,NA,32.52,66.44,NA,NA,NA
2007-05-31,2,6,ew,NA,11.55,18.8,NA,NA,NA
2007-05-31,2,7,ew,NA,17.14,30.07,0.8,NA,NA
2007-05-31,2,6,gp,NA,56.13,98.56,2.09,NA,NA
2007-05-31,3,3,dq,NA,NA,NA,NA,NA,too small to mark
2007-06-01,4,5,dm,NA,31.5,67.4,NA,NA,Bill and his two field techs (Sam Trinslow and Josh Wisdom helped and we changed the traps to litter basket traps - average trap is about 65 cm to 120 cm
2007-06-01,4,7,dm,NA,33.7,66.4,NA,NA,NA
2007-06-01,4,7,dm,NA,36.9,74.98,NA,NA,NA
2007-06-01,5,1,do,NA,NA,NA,NA,NA,too small
2007-06-01,5,2,do,NA,22.36,39.73,NA,NA,NA
2007-06-01,5,5,dq,NA,22.38,38.01,NA,NA,NA
2007-06-01,5,5,dq,NA,13,22.15,NA,NA,NA
2007-06-01,5,1,ew,NA,10,20,0.03,NA,too small
2007-06-01,6,1,dm,NA,42.13,75.12,NA,NA,NA
2007-06-01,6,4,dm,NA,35.81,68.44,NA,NA,NA
2007-06-01,6,3,dq,NA,48.24,28.29,NA,NA,NA
2007-06-01,6,6,dq,NA,19,33,NA,NA,NA
2007-06-01,6,1,ew,NA,17.12,30.87,NA,NA,NA
2007-06-01,6,2,ew,NA,17.31,29.96,NA,NA,NA
2007-06-01,6,5,ew,NA,11,18,0.03,NA,NA
2007-06-01,6,5,ew,NA,11,18,0.03,NA,NA
2007-06-02,1,2,dm,NA,29,45,NA,NA,NA
2007-06-02,1,1,do,NA,NA,NA,NA,L,hatch
2007-06-02,1,5,do,NA,30,53,NA,NA,NA
2007-06-02,1,6,do,NA,22,57,NA,NA,NA
2007-06-02,1,6,do,NA,NA,NA,NA,L,hatch
2007-06-02,1,3,dq,NA,45,80,NA,NA,NA
2007-06-02,1,5,dq,NA,35,62,NA,NA,NA
2007-06-02,2,6,dm,NA,28,50,NA,NA,NA
2007-06-02,2,6,dm,NA,28,52,NA,NA,NA
2007-06-02,2,7,dm,NA,14,31,NA,NA,NA
2007-06-02,2,3,do,NA,26,33,NA,NA,NA
2007-06-02,2,7,do,NA,11,24,NA,NA,NA
2007-06-02,2,4,dq,NA,30,47,NA,NA,NA
2007-06-02,2,6,ew,NA,11,24,NA,NA,NA
2007-06-02,2,6,ew,NA,11,25,NA,NA,NA
2007-06-02,2,7,ew,NA,11,24,NA,NA,NA
2007-06-02,3,1,dm,NA,35,74,NA,NA,NA
2007-06-02,3,4,dm,NA,40,74,NA,NA,NA
2007-06-02,3,6,dm,NA,33,54,NA,NA,NA
2007-06-02,3,7,dm,NA,17,35,NA,NA,NA
2007-06-02,3,1,ew,NA,11,24,NA,NA,NA
2007-06-03,4,3,dm,NA,37,45,NA,NA,regen
2007-06-03,4,4,do,NA,37,65,NA,NA,NA
2007-06-03,4,5,do,NA,NA,NA,NA,L,hatch
2007-06-03,4,1,dq,NA,24,37,NA,NA,NA
2007-06-03,4,2,ew,NA,10,20,NA,NA,clipped tail
2007-06-03,5,4,dm,NA,35,69,NA,NA,NA
2007-06-03,5,5,dm,NA,32,47,NA,NA,NA
2007-06-03,5,1,do,NA,NA,NA,NA,L,hatch
2007-06-03,5,1,do,NA,NA,NA,NA,L,hatch
2007-06-03,5,7,do,NA,27,52,NA,NA,NA
2007-06-03,5,1,ew,NA,11,24,NA,NA,NA
2007-06-03,5,2,ew,NA,NA,NA,NA,L,hatch
2007-06-03,5,7,ew,NA,NA,NA,NA,L,hatch
2007-06-03,5,7,ew,NA,NA,NA,NA,L,hatch
2007-06-03,6,2,do,NA,19,35,NA,NA,NA
2007-06-03,6,1,ew,NA,NA,NA,NA,L,hatch
2007-06-03,6,5,ew,NA,21,30,NA,NA,regen
2007-06-04,1,2,dm,NA,35,45,NA,NA,regen
2007-06-04,1,5,dq,NA,37,54,NA,NA,NA
2007-06-04,1,6,dq,NA,41,55,NA,NA,regen
2007-06-04,1,6,dq,NA,36,55,NA,NA,regen
2007-06-04,1,2,ew,NA,20,40,NA,NA,regen
2007-06-04,2,2,do,NA,15,30,NA,NA,NA
2007-06-04,2,6,do,NA,23,41,NA,NA,NA
2007-06-04,2,1,dq,NA,37,61,NA,NA,NA
2007-06-04,2,4,dq,NA,28,32,NA,NA,NA
2007-06-04,2,6,dq,NA,31,52,NA,NA,NA
2007-06-04,2,4,ew,NA,9,20,NA,NA,NA
2007-06-04,2,4,gp,NA,18,33,NA,NA,NA
2007-06-04,3,1,do,NA,33,50,NA,NA,NA
2007-06-04,3,7,ew,NA,NA,NA,NA,L,hatch
2007-06-05,4,4,ew,NA,20,41,NA,NA,NA
2007-06-05,5,2,dm,NA,NA,NA,NA,NA,NA
2007-06-05,5,5,dm,NA,35,61,NA,NA,NA
2007-06-05,5,2,ew,NA,NA,NA,NA,NA,collected
2007-06-05,6,1,do,NA,13,20,NA,NA,NA
2007-06-05,6,4,do,NA,25,60,NA,NA,NA
2007-06-05,6,1,ew,NA,NA,NA,NA,L,hatch
2007-06-05,6,4,ew,NA,20,30,NA,NA,NA
2007-06-05,6,4,ew,NA,NA,NA,NA,L,hatch
2007-06-05,6,7,ew,NA,NA,NA,NA,L,hatch
2007-06-15,1,4,dm,NA,19,22,0.14,NA,NA
2007-06-15,1,5,dm,NA,17,32,0.14,NA,NA
2007-06-15,1,7,dm,NA,19,33,0.17,NA,NA
2007-06-15,1,7,dm,NA,21,35,0.19,NA,NA
2007-06-15,1,3,do,NA,12,22,0.02,NA,NA
2007-06-15,1,5,do,NA,11,21,0.03,NA,NA
2007-06-15,1,5,do,NA,9,19,0.03,NA,NA
2007-06-15,1,1,dq,NA,31,55,0.86,NA,NA
2007-06-15,1,5,dq,NA,28,57,0.72,NA,NA
2007-06-15,1,5,dq,NA,30,52,0.68,NA,NA
2007-06-15,1,5,dq,NA,43,87,2.35,NA,NA
2007-06-15,1,7,dq,NA,35,57,1.15,NA,NA
2007-06-15,1,1,ew,NA,7,17,0.02,NA,NA
2007-06-15,1,4,ew,NA,11,18,0.03,NA,NA
2007-06-15,1,4,ew,NA,11,20,0.03,NA,NA
2007-06-15,1,7,gp,NA,26,42,0.3,NA,NA
2007-06-15,2,1,dm,NA,46,74,1.49,NA,NA
2007-06-15,2,2,dm,NA,35,60,1.21,NA,NA
2007-06-15,2,4,do,NA,NA,NA,NA,L,hatch
2007-06-15,2,5,do,NA,22,45,NA,NA,NA
2007-06-15,2,4,dq,NA,38,77,1.13,NA,NA
2007-06-15,2,4,ew,NA,11,18,NA,NA,NA
2007-06-15,2,7,gp,NA,19,30,0.08,NA,NA
2007-06-15,3,4,dm,NA,35,65,1.06,NA,NA
2007-06-15,3,5,dm,NA,36,85,1.24,NA,NA
2007-06-15,3,4,do,NA,13,25,0.05,NA,NA
2007-06-15,3,7,do,NA,34,70,0.61,NA,NA
2007-06-15,3,5,ew,NA,9,18,NA,NA,NA
2007-06-15,4,7,dm,NA,32,64,NA,NA,NA
2007-06-15,4,5,do,NA,22,45,0.22,NA,NA
2007-06-15,4,4,ew,NA,9,18,NA,NA,NA
2007-06-15,4,5,ew,NA,22,47,0.53,NA,NA
2007-06-15,6,4,do,NA,9,18,NA,NA,NA
2007-06-15,6,4,do,NA,26,58,NA,NA,recap
2007-06-15,6,4,ew,NA,9,18,NA,NA,NA
2007-06-15,6,7,ew,NA,26,50,0.55,NA,NA
2007-06-16,1,1,do,NA,19,32,0.19,NA,NA
2007-06-16,1,3,do,NA,NA,NA,NA,NA,missed
2007-06-16,1,1,dq,NA,34,59,0.96,NA,NA
2007-06-16,1,5,ew,NA,10,20,0.03,NA,recap
2007-06-16,2,3,do,NA,16,28,NA,NA,recap
2007-06-16,2,5,do,NA,24,34,0.23,NA,NA
2007-06-16,2,5,dq,NA,30,40,NA,NA,NA
2007-06-16,3,1,dm,NA,33,52,0.96,NA,recap
2007-06-16,3,4,do,NA,18,32,0.16,NA,NA
2007-06-16,4,5,do,NA,32,57,0.87,NA,NA
2007-06-16,4,1,do,NA,NA,NA,NA,NA,missed
2007-06-16,5,4,do,NA,34,68,1.13,NA,recap
2007-06-16,5,4,do,NA,25,41,0.46,NA,NA
2007-06-16,5,5,do,NA,41,90,NA,NA,not marked
2007-06-16,5,7,do,NA,25,39,0.47,NA,NA
2007-06-16,5,7,do,NA,NA,NA,NA,L,hatch
2007-06-16,5,5,dq,NA,22,50,0.64,NA,NA
2007-06-16,5,4,ew,NA,10,20,0.03,NA,recap
2007-06-16,5,7,gp,NA,53,88,2.55,NA,NA
2007-06-16,6,1,dm,NA,35,60,0.94,NA,NA
2007-06-16,6,5,do,NA,17,20,0.11,NA,regen
2007-06-16,6,1,ew,NA,11,15,0.03,NA,NA
2007-06-16,6,3,ew,NA,20,37,0.24,NA,NA
2007-06-16,6,4,ew,NA,11,18,0.03,NA,NA
2007-06-16,6,4,ew,NA,11,19,0.03,NA,NA
2007-06-16,6,4,ew,NA,12,20,0.03,NA,NA
2007-06-17,1,1,dm,NA,40,47,1.34,NA,regen
2007-06-17,1,4,do,NA,23,50,0.35,NA,NA
2007-06-17,1,5,dq,NA,36,45,1.33,NA,regen
2007-06-17,2,1,do,NA,25,41,0.44,NA,NA
2007-06-17,2,1,do,NA,25,41,0.4,NA,NA
2007-06-17,3,5,dm,NA,35,80,1.28,NA,NA
2007-06-17,4,1,do,NA,NA,NA,NA,L,hatch
2007-06-17,4,1,ew,NA,19,32,0.23,NA,NA
2007-06-17,5,1,ew,NA,10,20,0.03,NA,NA
2007-06-29,1,1,dq,NA,26,47,0.54,L,Milanovich and Jayna Devore - searched extensively both during the day and at night for sallies to collect and the best way seems to be to tear up stream bed with dipnet downstream and rough up gravel will do next time with Kerry Holcolmb
2007-06-29,1,7,dq,NA,43,80,2.02,NA,NA
2007-06-29,1,5,dq,NA,29,37,0.46,NA,NA
2007-06-29,1,4,dq,NA,31,53,0.58,NA,NA
2007-06-29,1,7,ew,NA,10,20,0.03,NA,NA
2007-06-29,1,7,ew,NA,23,33,0.29,NA,NA
2007-06-29,2,3,dm,NA,37,70,1.04,NA,NA
2007-06-29,2,1,do,NA,27,45,0.47,NA,NA
2007-06-29,2,1,do,NA,16,22,0.15,NA,NA
2007-06-29,2,5,dq,NA,37,62,1.18,NA,NA
2007-06-29,2,3,dq,NA,32,61,NA,NA,NA
2007-06-29,2,1,dq,NA,32,51,0.72,NA,NA
2007-06-29,3,4,do,NA,34,53,NA,NA,recap
2007-06-29,3,4,dq,NA,NA,NA,NA,A,missed - huge adult
2007-06-29,3,7,ew,NA,NA,NA,NA,NA,NA
2007-06-29,3,5,ew,NA,NA,NA,NA,NA,NA
2007-06-29,4,7,do,NA,16,30,0.1,NA,NA
2007-06-29,4,3,do,NA,15,31,0.1,NA,NA
2007-06-29,4,3,do,NA,15,31,0.1,NA,NA
2007-06-29,4,1,do,NA,39,60,1.12,NA,NA
2007-06-29,4,1,do,NA,16,33,0.14,NA,NA
2007-06-29,4,7,dq,NA,31,53,0.73,NA,NA
2007-06-29,4,1,ew,NA,NA,NA,NA,NA,NA
2007-06-29,4,1,ew,NA,NA,NA,NA,NA,NA
2007-06-29,5,3,dm,NA,NA,NA,NA,NA,missed
2007-06-29,5,2,dm,NA,45,90,NA,NA,NA
2007-06-29,5,1,do,NA,NA,NA,NA,L,hatch
2007-06-29,5,5,do,NA,17,32,0.1,NA,NA
2007-06-29,5,7,do,NA,23,47,NA,NA,NA
2007-06-29,5,3,do,NA,NA,NA,NA,NA,"large, missed"
2007-06-29,5,2,do,NA,30,50,NA,NA,NA
2007-06-29,5,2,dq,NA,46,80,NA,NA,NA
2007-06-29,5,1,ew,NA,24,44,0.42,NA,NA
2007-06-29,5,5,ew,NA,22,47,0.35,NA,NA
2007-06-29,5,5,ew,NA,10,20,NA,NA,NA
2007-06-29,5,5,ew,NA,10,20,NA,NA,NA
2007-06-29,5,4,ew,NA,10,20,NA,NA,NA
2007-06-29,5,3,ew,NA,10,20,NA,NA,NA
2007-06-29,5,3,ew,NA,10,20,NA,NA,NA
2007-06-29,5,3,ew,NA,10,20,NA,NA,NA
2007-06-29,5,3,ew,NA,10,20,NA,NA,NA
2007-06-29,5,3,ew,NA,10,20,NA,NA,NA
2007-06-29,5,3,ew,NA,10,20,NA,NA,NA
2007-06-29,5,3,ew,NA,10,20,NA,NA,NA
2007-06-29,5,3,ew,NA,10,20,NA,NA,NA
2007-06-29,5,3,ew,NA,10,20,NA,NA,NA
2007-06-29,5,1,ew,NA,10,20,0.03,NA,recap
2007-06-29,6,4,do,NA,30,66,0.7,NA,NA
2007-06-29,6,3,do,NA,11,20,0.03,NA,NA
2007-06-29,6,2,do,NA,22,46,0.29,NA,marked
2007-06-29,6,2,do,NA,10,20,0.03,NA,marked
2007-06-29,6,1,do,NA,10,20,0.03,NA,NA
2007-06-29,6,4,dq,NA,39,72,NA,NA,NA
2007-06-29,6,3,ew,NA,11,20,0.03,NA,NA
2007-06-29,6,1,ew,NA,10,20,0.03,NA,NA
2007-06-29,6,1,ew,NA,11,25,0.03,NA,NA
2007-06-29,6,1,ew,NA,10,21,0.03,NA,NA
2007-06-29,6,1,ew,NA,10,20,0.03,NA,NA
2007-06-29,6,6,gp,NA,NA,NA,NA,NA,NA
2007-06-30,1,7,do,NA,22,36,0.29,NA,NA
2007-06-30,1,5,dq,NA,38,44,NA,NA,recap
2007-06-30,1,5,ew,NA,10,20,0.03,NA,NA
2007-06-30,1,5,gp,NA,28,49,0.29,NA,NA
2007-06-30,2,1,do,NA,25,46,0.36,NA,recap
2007-06-30,2,6,dq,NA,NA,NA,NA,NA,NA
2007-06-30,2,5,dq,NA,25,41,0.41,NA,NA
2007-06-30,2,5,dq,NA,37,55,0.77,NA,NA
2007-06-30,2,5,dq,NA,37,38,NA,NA,NA
2007-06-30,2,3,dq,NA,21,45,0.25,NA,NA
2007-06-30,2,3,dq,NA,31,55,0.67,NA,missing left front leg
2007-06-30,2,6,ew,NA,NA,NA,NA,NA,NA
2007-06-30,2,5,ew,NA,10,20,0.03,NA,NA
2007-06-30,3,1,do,NA,37,56,1.02,NA,recap
2007-06-30,3,3,dq,NA,27,50,0.53,NA,NA
2007-06-30,3,2,dq,NA,65,110,NA,NA,NA
2007-06-30,3,6,ew,NA,10,20,0.03,NA,NA
2007-06-30,4,7,do,NA,10,20,0.03,NA,NA
2007-06-30,4,3,do,NA,10,20,0.03,NA,NA
2007-06-30,4,2,dq,NA,NA,NA,NA,NA,NA
2007-06-30,4,3,ew,NA,NA,NA,NA,NA,missed large
2007-06-30,4,1,ew,NA,10,20,0.03,NA,NA
2007-06-30,4,1,NA,NA,39,62,1.1,NA,recap
2007-06-30,5,7,do,NA,26,42,NA,NA,recap
2007-06-30,5,5,do,NA,30,47,NA,NA,NA
2007-06-30,5,3,do,NA,36,66,0.87,NA,gravid
2007-06-30,5,7,ew,NA,10,20,0.03,NA,NA
2007-06-30,5,3,ew,NA,10,20,0.03,NA,NA
2007-06-30,5,3,ew,NA,10,20,0.03,NA,NA
2007-06-30,5,3,ew,NA,10,20,0.03,NA,NA
2007-06-30,6,3,do,NA,10,20,0.03,NA,NA
2007-06-30,6,2,ew,NA,NA,NA,NA,NA,NA
2007-06-30,6,2,ew,NA,NA,NA,NA,NA,NA
2007-06-30,6,2,do,NA,NA,NA,NA,NA,NA
2007-06-30,6,2,do,NA,NA,NA,NA,NA,NA
2007-06-30,6,2,do,NA,NA,NA,NA,NA,NA
2007-07-01,1,7,dq,NA,33,60,0.82,NA,NA
2007-07-01,1,3,dq,NA,35,59,0.82,NA,NA
2007-07-01,1,1,dq,NA,32,46,0.54,NA,NA
2007-07-01,1,1,dq,NA,31,56,0.75,NA,NA
2007-07-01,2,3,do,NA,38,61,1.07,NA,NA
2007-07-01,2,3,do,NA,12,31,NA,NA,NA
2007-07-01,2,3,do,NA,25,33,0.34,NA,NA
2007-07-01,2,2,do,NA,NA,NA,NA,NA,missed
2007-07-01,2,4,do,NA,10,24,0.07,NA,NA
2007-07-01,3,5,do,NA,10,20,0.03,NA,recap
2007-07-01,3,6,dq,NA,NA,NA,NA,NA,NA
2007-07-01,3,3,ew,NA,10,20,0.03,NA,NA
2007-07-01,4,1,do,NA,NA,NA,NA,NA,missed
2007-07-01,4,1,dq,NA,34,62,1,NA,NA
2007-07-01,4,3,ew,NA,9,20,0.03,NA,NA
2007-07-01,5,7,do,NA,25,56,NA,NA,NA
2007-07-01,5,5,do,NA,22,38,NA,NA,NA
2007-07-01,5,1,ew,NA,10,20,0.03,NA,NA
2007-07-01,6,3,do,NA,NA,NA,NA,NA,collected ended up eating a catipillar
2007-07-01,6,1,do,NA,15,21,0.11,NA,NA
2007-07-01,6,1,do,NA,40,61,1.04,NA,NA
2007-07-01,6,5,ew,NA,10,20,0.03,NA,NA
2007-07-01,6,2,ew,NA,NA,NA,NA,NA,NA
2007-07-11,1,4,do,NA,35,74,NA,NA,NA
2007-07-11,1,7,do,NA,24,45,NA,NA,NA
2007-07-11,1,3,dq,NA,25,35,0.44,NA,NA
2007-07-11,1,1,gp,NA,22,49,0.26,NA,NA
2007-07-11,2,3,do,NA,22,35,NA,NA,recap
2007-07-11,2,7,do,NA,40,70,NA,NA,NA
2007-07-11,2,1,dq,NA,26,45,0.46,NA,NA
2007-07-11,3,1,do,NA,20,42,0.19,NA,NA
2007-07-11,3,1,do,NA,40,83,1.53,NA,NA
2007-07-11,3,4,do,NA,35,57,NA,NA,recap
2007-07-11,3,5,do,NA,12,25,NA,NA,recap
2007-07-11,3,1,ew,NA,10,20,NA,NA,NA
2007-07-11,3,1,ew,NA,10,20,0.03,NA,NA
2007-07-11,4,4,do,NA,NA,NA,NA,NA,large missed
2007-07-11,4,7,do,NA,22,33,NA,NA,adult
2007-07-11,4,3,dq,NA,26,47,NA,NA,larvae
2007-07-11,5,3,do,NA,22,50,NA,NA,NA
2007-07-11,5,3,ew,NA,10,20,0.03,NA,recap
2007-07-11,6,3,do,NA,NA,NA,NA,NA,"missed, large"
2007-07-11,6,3,dq,NA,22,33,0.041,NA,NA
2007-07-11,6,1,ew,NA,10,20,0.03,NA,NA
2007-07-11,6,3,ew,NA,10,20,0.03,NA,NA
2007-07-12,2,1,ew,NA,10,20,0.03,NA,NA
2007-07-12,3,1,do,NA,27,45,0.5,NA,NA
2007-07-12,3,7,dq,NA,52,100,NA,NA,NA
2007-07-12,3,7,ew,NA,12,25,0.04,NA,NA
2007-07-12,5,1,dq,NA,27,45,0.58,NA,NA
2007-07-12,5,1,ew,NA,10,20,0.03,NA,NA
2007-07-13,1,4,ew,NA,10,20,0.03,NA,NA
2007-07-13,1,4,ew,NA,10,20,0.03,NA,NA
2007-07-13,2,3,dm,NA,NA,NA,NA,NA,"recap, large"
2007-07-13,2,3,do,NA,17,NA,NA,NA,NA
2007-07-13,6,3,ew,NA,10,20,0.03,NA,NA
2007-07-13,6,5,ew,NA,10,20,0.03,NA,NA
2008-05-10,1,1,ew,RXXX,16,31,0.164,L,NA
2008-05-10,1,3,dq,XRXX,35,62,1.772,L,NA
2008-05-10,1,3,dq,XXRX,19,26,0.224,L,NA
2008-05-10,1,3,ew,XXXR,16,23,0.09,L,NA
2008-05-10,1,3,dm,DNM,NA,NA,NA,L,NA
2008-05-10,1,4,do,YXXX,20,31,0.18,J,NA
2008-05-10,1,5,dq,XYXX,96,162,20.926,A,NA
2008-05-10,1,5,dq,XXYX,21,36,0.247,L,NA
2008-05-10,1,6,gp,XXXY,31,52,0.51,L,NA
2008-05-10,1,7,dq,RYXX,55,111,6.14,A,NA
2008-05-10,1,8,dq,RXYX,30,50,0.645,L,NA
2008-05-10,1,8,gp,RXXY,20,32,0.24,L,regen tail
2008-05-10,1,9,dq,RRXX,20,30,0.177,L,NA
2008-05-10,1,9,gp,RXRR,22,35,0.155,L,NA
2008-05-10,1,10,gp,RXRR,37,72,1.497,L,NA
2008-05-10,2,1,dq,RXXX,58,111,5.226,A,NA
2008-05-10,2,2,dq,XRXX,40,74,2.299,L,NA
2008-05-10,2,2,do,XXRX,42,76,1.538,A,NA
2008-05-10,2,4,dq,XXXR,48,87,2.727,A,NA
2008-05-10,2,4,dq,RRXX,25,43,0.453,L,NA
2008-05-10,2,10,do,RYRY,32,33,0.452,A,NA
2008-05-10,2,10,do,DNM,10,14,0.1,L,collected
2008-05-10,3,1,dq,RXXX,41,82,2.485,J,NA
2008-05-10,3,2,do,XRXX,16,32,0.111,J,NA
2008-05-10,3,3,dq,XXRX,60,105,4.314,A,NA
2008-05-10,3,3,dq,XXXR,45,83,NA,A,NA
2008-05-10,3,3,dq,RRXX,24,42,0.411,L,NA
2008-05-10,3,3,dq,RXRX,21,36,0.24,L,NA
2008-05-10,3,4,dq,RXRR,29,47,0.601,L,NA
2008-05-10,3,6,dq,RRRX,21,35,2.4,L,NA
2008-05-10,3,6,ew,RRXR,15,26,0.9,J,NA
2008-05-10,3,6,gp,XRRR,57,90,4.141,L,NA
2008-05-10,3,7,dq,RXRR,19,35,0.182,L,NA
2008-05-10,3,8,gp,RXXX,42,65,1.124,L,missing upper left arm
2008-05-10,3,10,dq,RXXR,37,70,1.63,L,NA
2008-05-10,3,10,dq,RRRR,28,45,0.548,L,NA
2008-05-11,1,1,dq,YRXX,34,57,1.356,L,NA
2008-05-11,1,1,dq,DNM,42,80,NA,A,missed
2008-05-11,1,1,do,DNM,10,14,0.1,L,collected
2008-05-11,1,2,dq,YXRX,32,52,1.328,L,NA
2008-05-11,1,3,dq,YXXY,22,42,0.353,L,NA
2008-05-11,1,5,do,YXXR,30,52,0.42,A,NA
2008-05-11,1,5,do,XRYX,16,28,0.105,J,NA
2008-05-11,1,6,dq,XRXY,32,50,0.905,L,NA
2008-05-11,1,6,ew,XYRX,20,30,0.117,J,NA
2008-05-11,1,9,dq,XYYR,41,79,1.975,A,NA
2008-05-11,1,10,gp,RXRR,NA,NA,NA,L,recapture
2008-05-11,1,10,ew,XXRY,18,32,0.144,J,NA
2008-05-11,1,10,dq,XXYR,20,35,0.156,L,NA
2008-05-11,1,10,do,DNM,NA,NA,NA,L,collected
2008-05-11,2,4,dq,RRXX,NA,NA,NA,L,recapture
2008-05-11,2,4,ew,YXXX,17,31,0.13,L,NA
2008-05-11,2,4,ew,XYXX,17,30,0.111,L,NA
2008-05-11,2,4,ew,DNM,13,22,NA,L,NA
2008-05-11,2,5,dq,XXYX,35,65,1.425,L,NA
2008-05-11,2,8,dq,XXXY,31,48,0.775,L,regen tail
2008-05-11,2,10,dq,RYXX,27,44,0.523,L,NA
2008-05-11,3,2,ew,XYXX,15,23,0.082,L,NA
2008-05-11,3,2,dq,YXXX,18,33,0.213,L,NA
2008-05-11,3,3,dq,XXYX,22,32,0.331,L,NA
2008-05-11,3,3,dq,XXXY,25,45,0.392,L,missing back left leg
2008-05-11,3,4,ew,DNM,14,23,NA,L,NA
2008-05-11,3,6,ew,RRXR,NA,NA,NA,L,recapture
2008-05-11,3,6,dq,RRRX,NA,NA,NA,L,recapture
2008-05-11,3,8,dq,YYXX,43,80,1.815,A,NA
2008-05-11,3,8,ew,YXXX,17,23,0.12,L,NA
2008-05-12,1,5,do,YYXX,21,40,0.43,A,NA
2008-05-12,1,6,dq,YRXX,39,48,1.457,L,regen tail
2008-05-12,1,6,do,YXRX,43,85,1.53,A,NA
2008-05-12,1,6,dq,YXYX,22,33,0.392,L,regen tail
2008-05-12,1,8,ew,DNM,NA,NA,NA,L,NA
2008-05-12,1,10,ew,XXRY,NA,NA,NA,L,recapture
2008-05-12,1,10,dq,XXYR,NA,NA,NA,L,recapture
2008-05-12,2,4,ew,DNM,NA,NA,NA,L,NA
2008-05-12,2,6,ew,DNM,NA,NA,NA,L,NA
2008-05-12,2,9,ew,XXYX,18,32,0.175,J,NA
2008-05-12,3,3,dq,XXXY,NA,NA,NA,L,recapture; missing upper left hand
2008-05-12,3,6,dq,YXYX,30,37,0.503,L,regen tail
2008-05-12,3,7,dm,YXXX,42,84,2.065,A,NA
2008-05-12,3,8,dq,YYXX,NA,NA,NA,A,recapture
2008-05-12,3,8,do,YXXX,NA,NA,0.43,L,NA
2008-05-13,4,1,dq,RXXX,31,47,0.79,L,NA
2008-05-13,4,2,ew,XRXX,33,82,0.601,A,NA
2008-05-13,4,3,ew,XXRX,16,31,NA,L,NA
2008-05-13,4,3,do,DNM,11,17,0.112,L,NA
2008-05-13,4,4,do,RXXX,34,57,0.605,A,NA
2008-05-13,4,4,dm,XRXX,50,100,3.055,A,NA
2008-05-13,4,5,dq,XXRX,35,63,1.454,L,NA
2008-05-13,4,6,do,YXXX,28,61,0.545,A,NA
2008-05-13,4,6,dq,XXXR,40,73,1.883,L,larvae
2008-05-13,4,8,do,YXXX,32,64,0.884,A,NA
2008-05-13,4,9,dm,YXXX,42,93,3.705,A,NA
2008-05-13,4,10,dq,XYXX,38,64,1.914,L,NA
2008-05-13,4,10,gp,YXXX,45,70,0.457,L,NA
2008-05-13,4,10,ew,tail clip,15,25,NA,L,tail clipped
2008-05-13,5,2,dq,RXXX,32,64,1.607,L,NA
2008-05-13,5,3,ew,DNM,NA,NA,NA,L,NA
2008-05-13,5,4,dq,XRXX,29,55,0.893,L,NA
2008-05-13,5,4,dq,DNM,37,53,NA,L,NA
2008-05-13,5,4,dq,YXXX,32,42,0.632,L,NA
2008-05-13,5,6,ew,YXXX,21,32,0.177,L,NA
2008-05-13,5,7,dq,XYXX,65,118,6.902,A,NA
2008-05-13,5,8,ew,DNM,NA,NA,NA,L,NA
2008-05-13,5,9,ew,RXXX,20,35,0.194,J,NA
2008-05-13,6,1,ew,YXXX,21,33,0.18,J,NA
2008-05-13,6,1,dq,YXXX,47,180,2.764,A,NA
2008-05-13,6,4,dm,RXXX,46,97,2.776,A,NA
2008-05-13,6,4,do,XRXX,27,50,0.444,A,NA
2008-05-13,6,4,gp,RXXX,25,45,0.247,L,NA
2008-05-13,6,4,ew,DNM,NA,NA,NA,L,regen tail
2008-05-13,6,5,dq,XYXX,42,69,2.48,A,NA
2008-05-13,6,5,dq,XXYX,33,58,1.145,L,NA
2008-05-13,6,5,ew,YXXX,16,32,1.02,L,NA
2008-05-13,6,6,dq,YXXY,36,62,1.541,L,NA
2008-05-13,6,7,dm,YXXX,34,55,1.162,L,NA
2008-05-13,6,7,do,YXXX,32,76,1.089,A,NA
2008-05-13,6,8,dq,RYXX,22,33,0.305,L,NA
2008-05-13,6,8,ew,RXXX,17,24,0.076,L,NA
2008-05-13,6,9,dq,RYXX,32,53,1.206,L,regen tail
2008-05-13,6,9,dq,YRXX,29,50,0.583,L,NA
2008-05-13,6,9,dq,YXRX,65,103,6.432,A,NA
2008-05-13,6,9,dq,RXYX,32,41,1.02,L,regen tail
2008-05-13,6,9,dq,YYXX,36,53,0.986,L,NA
2008-05-13,6,9,dm,RRXX,22,33,NA,J,metamorph
2008-05-13,6,10,ew,DNM,14,25,NA,L,NA
2008-05-13,6,10,dq,XXRR,42,82,2.208,A,NA
2008-05-13,6,10,do,RRXX,26,47,0.468,A,NA
2008-05-14,4,1,do,XXXY,18,31,0.132,A,missing upper rt leg
2008-05-14,4,1,dq,XXXY,29,53,0.937,L,NA
2008-05-14,4,2,gp,RXXX,39,67,1.527,L,NA
2008-05-14,4,5,dq,XXXY,40,73,1.945,L,NA
2008-05-14,4,6,do,YXXX,NA,NA,NA,A,recapture
2008-05-14,4,6,do,XXYX,36,82,0.857,A,red cheek
2008-05-14,4,9,dm,YXXX,NA,NA,NA,A,recapture
2008-05-14,4,10,gp,YXXX,NA,NA,NA,L,recapture
2008-05-14,5,1,dq,XXYX,32,56,0.762,L,NA
2008-05-14,5,4,dq,XRXX,NA,NA,NA,L,recapture
2008-05-14,5,4,dq,XXYX,35,55,1.168,L,missing back rt leg
2008-05-14,5,9,dq,XXXR,22,37,0.265,L,NA
2008-05-14,5,9,ew,XXXR,20,33,1.41,A,NA
2008-05-14,5,10,ew,RXXX,35,85,0.608,A,NA
2008-05-14,6,4,dm,RXXX,NA,NA,NA,A,recapture
2008-05-14,6,4,dq,XRXX,41,71,1.505,L,NA
2008-05-14,6,6,dq,XXRY,39,64,1.58,L,larvae
2008-05-14,6,6,dq,XXYR,22,30,0.237,L,regen tail
2008-05-14,6,7,dm,YXXX,NA,NA,NA,A,recapture
2008-05-14,6,7,do,YXXX,NA,NA,NA,A,recapture
2008-05-14,6,7,dq,RXXY,32,65,0.865,L,NA
2008-05-14,6,8,do,XXXR,30,41,0.453,A,regen tail
2008-05-14,6,9,dq,RYXX,NA,NA,NA,L,recapture
2008-05-14,6,10,do,RRXX,NA,NA,NA,A,"recapture, upper rt mark moved to middle"
2008-05-14,6,10,ew,XYXX,15,NA,NA,L,recapture
2008-05-14,6,10,ew,XYXX,18,30,0.109,L,NA
2008-05-14,6,10,do,XYXX,NA,NA,NA,L,collected
2008-05-14,6,10,dm,XYXX,40,73,1.467,A,NA
2008-05-15,4,2,ew,XRXX,NA,NA,NA,J,recapture
2008-05-15,4,6,do,YXXX,NA,NA,NA,J,recapture
2008-05-15,4,9,gp,XRXX,52,78,2.541,L,NA
2008-05-15,4,10,dm,RXXX,42,73,1.221,J,NA
2008-05-15,5,4,dq,XXYX,NA,NA,NA,L,recapture
2008-05-15,5,6,dq,XXXR,45,61,2.243,A,NA
2008-05-15,5,10,ew,RXXX,NA,NA,NA,A,NA
2008-05-15,6,4,gp,RXXX,NA,NA,NA,L,recapture
2008-05-15,6,4,dm,RXXX,NA,NA,NA,J,recapture
2008-05-15,6,5,dq,XXYX,NA,NA,NA,L,recapture
2008-05-15,6,5,dq,RXXY,25,47,0.527,L,NA
2008-05-15,6,6,dq,XXXY,27,43,0.447,L,NA
2008-05-15,6,6,ew,NA,14,25,0.132,L,NA
2008-05-15,6,7,dq,RXXY,NA,NA,NA,L,recapture
2008-05-15,6,7,do,YXXY,NA,NA,NA,J,recapture
2008-05-15,6,7,dm,YXXX,NA,NA,NA,J,recapture
2008-05-15,6,9,dq,RYXX,NA,NA,NA,L,recapture
2008-05-26,1,1,ew,GXXX,15,22,0.105,L,NA
2008-05-26,1,1,ew,XGXX,17,31,0.108,L,NA
2008-05-26,1,4,dq,GXXX,30,54,NA,L,NA
2008-05-26,1,4,do,NA,NA,NA,NA,L,collected
2008-05-26,1,5,gp,NA,15,22,0.7,L,NA
2008-05-26,1,8,dq,XXGX,33,61,1.701,L,NA
2008-05-26,1,8,dq,XXXG,20,35,0.188,L,NA
2008-05-26,1,10,gp,GXXX,47,64,2.016,L,regen tail
2008-05-26,2,1,dm,GXXX,32,57,0.702,A,NA
2008-05-26,2,2,dq,GXXX,35,55,1.401,L,NA
2008-05-26,2,3,do,NA,22,53,NA,L,missed
2008-05-26,2,4,dq,RXXX,NA,NA,2.748,A,recapture
2008-05-26,2,4,ew,YXYX,18,33,0.116,L,recapture
2008-05-26,2,4,ew,GXXX,17,25,0.93,L,NA
2008-05-26,2,4,do,GXXX,17,30,0.112,A,NA
2008-05-26,2,4,ew,DNM,10,13,NA,L,NA
2008-05-26,2,4,ew,XYXX,17,23,NA,L,NA
2008-05-26,2,4,ew,NA,NA,NA,NA,L,NA
2008-05-26,2,4,ew,NA,NA,NA,NA,L,NA
2008-05-26,2,5,dq,NA,NA,NA,NA,L,missed
2008-05-26,2,5,do,XGXX,20,53,0.176,A,NA
2008-05-26,2,6,ew,XGXX,17,30,0.107,L,NA
2008-05-26,2,6,gp,GXXX,33,61,1,L,NA
2008-05-26,2,6,ew,XXGX,17,30,0.107,L,NA
2008-05-26,2,8,gp,XGXX,35,60,0.869,L,NA
2008-05-26,2,9,ew,XXGG,16,31,0.099,L,NA
2008-05-26,2,10,dm,XGXX,31,57,0.722,A,missing upper left arm
2008-05-26,2,10,dq,GXXX,32,66,1.254,L,NA
2008-05-26,3,1,do,NA,NA,NA,NA,L,collected
2008-05-26,3,3,dq,GXXX,33,42,1.024,L,NA
2008-05-26,3,4,dq,XGXX,19,30,0.148,L,missing upper left arm
2008-05-26,3,8,ew,NA,NA,NA,NA,L,missed
2008-05-26,3,10,dq,XXGX,29,47,0.519,L,NA
2008-05-27,1,4,dq,OXXX,36,69,1.812,L,NA
2008-05-27,1,5,gp,tail clip,16,22,0.09,L,NA
2008-05-27,1,8,gp,tail clip,16,31,0.063,L,NA
2008-05-27,2,2,dq,OXXX,74,132,9.09,A,NA
2008-05-27,2,4,ew,YXYX,NA,NA,NA,J,recapture
2008-05-27,2,4,ew,NA,NA,NA,NA,L,"recapture, YOY"
2008-05-27,2,4,ew,OXXX,16,30,0.101,L,NA
2008-05-27,2,4,ew,tail clip,14,25,0.075,L,NA
2008-05-27,2,6,ew,OXXX,17,33,0.107,L,NA
2008-05-27,2,6,ew,XOXX,18,33,0.122,J,metamorph
2008-05-27,2,7,gp,OXXX,23,32,0.224,L,NA
2008-05-27,2,10,dq,NA,33,52,NA,L,missed
2008-05-27,3,2,do,OXXX,35,66,0.971,L,NA
2008-05-27,3,6,dq,NA,NA,NA,NA,L,maybe folkertsi - collected
2008-05-27,3,6,ew,OXXX,16,25,0.127,L,NA
2008-05-27,3,6,dm,NA,NA,NA,NA,J,collected
2008-05-27,3,8,dq,OXXX,21,36,0.113,L,NA
2008-05-27,3,8,ew,NA,NA,NA,0.026,L,YOY
2008-05-27,3,8,ew,XXOX,16,27,0.115,L,NA
2008-05-28,1,2,dq,XGXX,50,95,3.427,A,missing bottom left leg
2008-05-28,1,3,dq,XOXX,35,37,1.011,L,tail missing
2008-05-28,1,3,ew,OXXX,17,31,0.101,L,NA
2008-05-28,1,6,dq,OGXX,33,52,0.925,L,NA
2008-05-28,1,6,dq,GOXX,28,55,0.782,L,NA
2008-05-28,1,7,do,NA,30,51,NA,L,missed
2008-05-28,1,9,do,GXXX,21,42,0.355,L,NA
2008-05-28,1,10,dq,XXXO,54,97,3.817,L,NA
2008-05-28,2,1,gp,XOXX,25,42,0.197,L,NA
2008-05-28,2,2,do,XXGX,30,55,0.485,A,NA
2008-05-28,2,3,dq,XOXX,36,66,1.366,L,missing upper left arm
2008-05-28,2,4,ew,OXXX,NA,NA,NA,L,recapture
2008-05-28,2,8,gp,XXOX,64,93,4.209,L,NA
2008-05-28,3,4,dq,XOXX,43,70,2.147,A,NA
2008-05-28,3,5,dq,XXXO,35,65,1.367,L,NA
2008-05-28,3,6,gp,GXXX,52,83,3.443,L,NA
2008-05-28,3,7,dm,YXXX,46,83,2.417,A,NA
2008-05-28,3,10,dq,RXXR,NA,NA,NA,L,recapture
2008-05-28,3,10,ew,NA,NA,NA,NA,L,"recapture, YOY"
2008-05-29,4,2,dq,NA,NA,NA,NA,L,missed
2008-05-29,4,2,dq,XOXX,36,60,1.28,L,NA
2008-05-29,4,2,dq,XXOX,27,45,0.525,L,NA
2008-05-29,4,3,dq,OXXX,25,37,0.0472,L,NA
2008-05-29,4,3,dq,XXXO,19,26,0.202,L,NA
2008-05-29,4,5,dq,GXXX,NA,NA,0.63,L,NA
2008-05-29,4,6,dq,XGXX,34,53,0.863,L,NA
2008-05-29,4,6,dm,GXXX,20,39,NA,A,NA
2008-05-29,4,6,dm,tail clip,15,26,NA,A,"juvy, tail clip"
2008-05-29,4,9,dq,XXGX,50,106,3.387,A,NA
2008-05-29,4,9,ew,NA,18,30,NA,L,juvy
2008-05-29,4,9,ew,XGXX,17,32,0.105,L,NA
2008-05-29,6,1,dq,GXXX,37,70,1.495,L,NA
2008-05-29,6,1,dq,XGXX,40,70,1.753,L,NA
2008-05-29,6,2,ew,tail clip,NA,NA,0.027,L,"YOY, tail clip"
2008-05-29,6,3,ew,tail clip,NA,NA,NA,L,"YOY, tail clip"
2008-05-29,6,3,ew,tail clip,NA,NA,NA,L,"YOY, tail clip"
2008-05-29,6,3,ew,NA,18,30,NA,L,missed
2008-05-29,6,3,dq,XXGX,46,86,2.801,A,NA
2008-05-29,6,3,dq,XXXG,43,78,1.855,A,NA
2008-05-29,6,3,dq,OXXX,27,51,0.585,L,NA
2008-05-29,6,4,ew,tail clip,10,18,0.026,L,NA
2008-05-29,6,4,ew,tail clip,10,17,0.026,L,NA
2008-05-29,6,4,ew,GXXX,17,30,0.123,L,NA
2008-05-29,6,4,ew,XGXX,18,31,0.112,L,NA
2008-05-29,6,5,dq,XXYX,32,65,NA,L,recapture
2008-05-29,6,6,ew,tail clip,NA,NA,0.025,L,YOY
2008-05-29,6,6,ew,tail clip,NA,NA,NA,L,"YOY, recapture"
2008-05-29,6,7,ew,tail clip,NA,NA,NA,L,YOY
2008-05-29,6,7,ew,tail clip,NA,NA,NA,L,YOY
2008-05-29,6,7,ew,tail clip,NA,NA,NA,L,YOY
2008-05-29,6,7,ew,XXGX,20,37,0.166,J,NA
2008-05-29,6,7,dm,GXXX,24,45,0.425,A,NA
2008-05-29,6,8,dm,XGXX,42,47,1.909,A,NA
2008-05-29,6,9,dq,XOXX,39,71,1.863,L,NA
2008-05-29,6,10,ew,tail clip,NA,NA,0.025,L,YOY
2008-05-29,6,10,ew,tail clip,NA,NA,0.025,L,YOY
2008-05-29,6,10,ew,XXXG,18,33,0.146,L,NA
2008-05-29,5,1,dq,OXXX,45,90,2.625,A,NA
2008-05-29,5,1,dq,XOXX,62,105,4.885,A,NA
2008-05-29,5,3,dq,XXOX,32,55,0.844,L,NA
2008-05-29,5,4,dq,XXOX,37,60,1.482,L,NA
2008-05-29,5,4,dq,XXXO,32,52,0.865,L,NA
2008-05-29,5,5,ew,tail clip,NA,NA,0.025,L,NA
2008-05-29,5,7,ew,GXXX,20,32,0.176,L,NA
2008-05-29,5,7,do,GXXX,26,53,0.426,A,NA
2008-05-29,5,8,ew,tail clip,NA,NA,NA,L,YOY
2008-05-29,5,8,ew,XGXX,19,20,0.12,L,regen tail
2008-05-29,5,8,do,NA,NA,NA,NA,L,collected
2008-05-29,5,9,gp,GXXX,53,90,2.861,L,NA
2008-05-29,5,9,dq,GXXX,33,62,1.119,L,NA
2008-05-29,5,10,ew,XGXX,17,31,0.145,L,NA
2008-05-30,4,1,dm,XGXX,38,66,1.277,A,juvy
2008-05-30,4,5,do,NA,NA,NA,NA,L,"collected, YOY"
2008-05-30,4,7,dq,XXXG,22,51,0.734,L,NA
2008-05-30,6,1,dq,YXXX,NA,NA,NA,A,recapture
2008-05-30,6,1,ew,NA,NA,NA,NA,L,"recapture, YOY"
2008-05-30,6,3,dq,XXXG,43,78,NA,A,recapture
2008-05-30,6,3,ew,NA,NA,NA,NA,L,recapture
2008-05-30,6,4,dm,RXXX,47,100,NA,A,recapture
2008-05-30,6,5,dm,XGXX,17,30,0.1,J,NA
2008-05-30,6,5,dq,XXOX,47,68,2.42,A,regen tail
2008-05-30,6,6,dm,XXGX,22,46,0.454,L,NA
2008-05-30,6,7,ew,XXGX,NA,NA,NA,L,recapture
2008-05-30,6,7,gp,OXXX,52,82,3.059,L,regen tail
2008-05-30,6,8,ew,XXYR,16,25,NA,L,recapture - Mark moved from RXXX
2008-05-30,6,9,dq,XOXX,NA,NA,NA,L,recapture
2008-05-30,6,10,dm,OXXX,24,45,0.343,A,NA
2008-05-30,5,1,dm,GXXX,NA,NA,NA,L,NA
2008-05-30,5,1,dq,OOXX,42,76,1.887,A,NA
2008-05-30,5,3,ew,tail clip,NA,NA,NA,L,YOY
2008-05-30,5,7,do,GXXX,NA,NA,NA,A,recapture
2008-05-30,5,8,do,OXXX,22,35,0.2,A,NA
2008-05-30,5,9,dq,XXOO,37,61,1.168,L,NA
2008-05-30,5,10,ew,XGXX,NA,NA,NA,L,recapture
2008-05-31,4,4,dq,GGXX,40,65,1.598,L,regen tail
2008-05-31,4,5,dm,OXXX,43,100,2.895,A,missing BLH
2008-05-31,4,9,ew,NA,NA,NA,NA,L,missed
2008-05-31,4,10,ew,tail clip,NA,NA,NA,L,YOY
2008-05-31,4,10,dm,XOXX,29,61,0.96,A,NA
2008-05-31,6,2,ew,tail clip,NA,NA,NA,L,YOY
2008-05-31,6,5,dm,XGXX,NA,NA,NA,A,recapture
2008-05-31,6,9,dq,OXXO,42,76,2.272,A,NA
2008-05-31,6,10,dm,OXXX,NA,NA,NA,A,recapture
2008-05-31,5,2,dq,XGXX,37,65,2.365,L,NA
2008-05-31,5,4,dq,XXGX,37,58,NA,L,regen tail
2008-05-31,5,7,dq,XXXG,42,73,1.929,A,NA
2008-05-31,5,7,dq,GGXX,33,67,1.113,L,NA
2008-06-09,1,1,dq,RGXX,50,73,2.961,A,NA
2008-06-09,1,1,ew,RGXX,21,35,0.22,J,NA
2008-06-09,1,1,do,RGXX,23,40,0.151,A,NA
2008-06-09,1,2,dq,GRXX,28,42,0.487,L,NA
2008-06-09,1,3,ew,RXXR,17,30,0.098,L,NA
2008-06-09,1,4,ew,tail clip,15,22,NA,L,NA
2008-06-09,1,5,do,GXXG,19,31,0.135,A,NA
2008-06-09,1,6,ew,tail clip,15,22,0.025,L,NA
2008-06-09,1,6,ew,tail clip,16,28,0.025,L,NA
2008-06-09,1,6,ew,tail clip,16,27,0.025,L,NA
2008-06-09,1,8,dq,RXGX,32,80,1.962,L,NA
2008-06-09,1,8,gp,RGXX,25,48,NA,L,NA
2008-06-09,1,8,gp,tail clip,17,32,0.09,L,NA
2008-06-09,2,1,dq,RGXX,30,52,0.754,L,NA
2008-06-09,2,1,gp,XOXX,NA,NA,NA,L,recapture
2008-06-09,2,3,dm,RGXX,23,57,0.495,A,NA
2008-06-09,2,3,ew,tail clip,NA,NA,NA,L,YOY
2008-06-09,2,5,dq,GRXX,30,52,0.848,L,NA
2008-06-09,2,7,dq,RXGX,43,68,1.945,A,NA
2008-06-09,2,8,gp,RGXX,52,86,2.612,L,NA
2008-06-09,2,8,gp,GRXX,57,95,4.086,L,NA
2008-06-09,2,9,ew,RXGX,18,33,0.141,L,NA
2008-06-09,2,9,ew,GXRX,18,33,0.149,L,NA
2008-06-09,2,9,gp,GXRX,44,72,1.754,L,NA
2008-06-09,2,10,dq,RXGX,23,41,0.452,L,NA
2008-06-09,3,1,dq,RGXX,56,106,4.238,A,NA
2008-06-09,3,1,ew,tail clip,NA,NA,NA,L,recapture
2008-06-09,3,1,ew,tail clip,NA,NA,NA,L,YOY
2008-06-09,3,3,do,tail clip,NA,NA,0.027,L,YOY
2008-06-09,3,3,ew,tail clip,NA,NA,0.025,L,YOY
2008-06-09,3,3,dq,GRXX,46,82,2.238,A,NA
2008-06-09,3,3,dq,RXXG,26,48,0.499,L,NA
2008-06-09,3,3,dq,RXGX,20,32,0.234,L,NA
2008-06-09,3,4,ew,tail clip,NA,NA,NA,L,YOY
2008-06-09,3,4,ew,tail clip,NA,NA,NA,L,YOY
2008-06-09,3,4,ew,tail clip,NA,NA,NA,L,YOY
2008-06-09,3,4,do,tail clip,NA,NA,NA,L,YOY
2008-06-09,3,4,gp,tail clip,16,22,0.7,L,NA
2008-06-09,3,6,ew,tail clip,NA,NA,NA,L,YOY
2008-06-09,3,6,ew,tail clip,NA,NA,NA,L,YOY
2008-06-09,3,6,ew,tail clip,NA,NA,NA,L,YOY
2008-06-09,3,6,ew,tail clip,NA,NA,NA,L,YOY
2008-06-09,3,6,ew,tail clip,NA,NA,NA,L,YOY
2008-06-09,3,6,dq,GXRX,21,36,0.201,L,NA
2008-06-09,3,7,ew,tail clip,NA,NA,NA,L,YOY
2008-06-09,3,7,ew,tail clip,NA,NA,NA,L,YOY
2008-06-09,3,8,ew,tail clip,NA,NA,NA,L,YOY
2008-06-09,3,8,ew,tail clip,NA,NA,NA,L,YOY
2008-06-09,3,8,ew,tail clip,NA,NA,NA,L,YOY
2008-06-09,3,8,ew,GXRX,17,31,0.098,L,NA
2008-06-09,3,8,ew,RXGX,17,31,0.1,L,NA
2008-06-09,3,9,ew,tail clip,NA,NA,NA,L,YOY
2008-06-10,1,1,do,tail clip,12,198,NA,L,NA
2008-06-10,1,1,ew,NA,NA,NA,NA,L,"recapture, YOY"
2008-06-10,1,1,do,tail clip,9,14,0.02,L,NA
2008-06-10,1,4,dq,XXRG,25,46,0.472,L,NA
2008-06-10,1,6,ew,RXXG,17,31,0.12,L,regen tail
2008-06-10,1,7,ew,tail clip,15,28,0.025,L,NA
2008-06-10,1,10,gp,GRXX,28,51,0.401,L,NA
2008-06-10,2,1,ew,tail clip,NA,NA,NA,L,YOY
2008-06-10,2,3,dq,GXRX,53,103,NA,A,NA
2008-06-10,2,3,ew,tail clip,10,17,NA,L,NA
2008-06-10,2,3,ew,tail clip,10,17,NA,L,NA
2008-06-10,2,4,ew,XXRR,19,31,0.12,L,NA
2008-06-10,2,5,dq,GXXR,21,24,0.181,L,regen tail
2008-06-10,2,5,dq,GXXR,26,43,0.516,L,NA
2008-06-10,2,6,dq,RXXG,66,111,6.781,A,NA
2008-06-10,2,6,dq,RRXG,52,87,3.584,A,NA
2008-06-10,2,6,do,tail clip,13,22,0.053,L,NA
2008-06-10,2,7,ew,tail clip,NA,NA,NA,L,YOY
2008-06-10,2,8,ew,tail clip,NA,NA,NA,L,YOY
2008-06-10,2,8,dm,GRXX,22,45,0.434,L,NA
2008-06-10,2,8,dq,GGXR,40,62,1.902,L,NA
2008-06-10,2,9,ew,GXRX,NA,NA,NA,L,recapture
2008-06-10,2,10,ew,tail clip,NA,NA,NA,L,YOY
2008-06-10,2,10,dq,RRXG,31,53,0.626,L,NA
2008-06-10,3,1,ew,tail clip,NA,NA,NA,L,YOY
2008-06-10,3,2,do,tail clip,NA,NA,NA,L,YOY
2008-06-10,3,2,ew,tail clip,NA,NA,NA,L,YOY
2008-06-10,3,2,ew,GXXR,17,32,0.099,L,NA
2008-06-10,3,3,ew,tail clip,NA,NA,NA,L,"recapture, YOY"
2008-06-10,3,3,ew,tail clip,NA,NA,NA,L,YOY
2008-06-10,3,3,ew,tail clip,NA,NA,NA,L,YOY
2008-06-10,3,3,ew,tail clip,NA,NA,NA,L,YOY
2008-06-10,3,3,ew,tail clip,NA,NA,NA,L,YOY
2008-06-10,3,3,ew,tail clip,NA,NA,NA,L,YOY
2008-06-10,3,4,ew,tail clip,NA,NA,NA,L,YOY
2008-06-10,3,4,ew,tail clip,NA,NA,NA,L,YOY
2008-06-10,3,4,ew,tail clip,NA,NA,NA,L,YOY
2008-06-10,3,4,ew,tail clip,NA,NA,NA,L,YOY
2008-06-10,3,5,dm,RGXX,44,90,2.256,A,NA
2008-06-10,3,5,ew,tail clip,NA,NA,NA,L,YOY
2008-06-10,3,5,ew,tail clip,15,30,NA,L,NA
2008-06-10,3,6,ew,tail clip,NA,NA,NA,L,YOY
2008-06-10,3,6,ew,tail clip,NA,NA,NA,L,YOY
2008-06-10,3,6,ew,tail clip,NA,NA,NA,L,YOY
2008-06-10,3,6,gp,GRXX,50,82,2.582,L,NA
2008-06-10,3,6,ew,tail clip,NA,NA,NA,L,YOY
2008-06-10,3,6,ew,tail clip,NA,NA,NA,L,YOY
2008-06-10,3,6,ew,tail clip,NA,NA,NA,L,YOY
2008-06-10,3,7,gp,RGXX,44,76,1.444,L,NA
2008-06-10,3,7,dq,GXXR,33,68,1.523,L,NA
2008-06-10,3,7,ew,tail clip,NA,NA,NA,L,YOY
2008-06-10,3,7,ew,tail clip,NA,NA,NA,L,YOY
2008-06-10,3,7,ew,tail clip,NA,NA,NA,L,YOY
2008-06-10,3,7,ew,tail clip,NA,NA,NA,L,YOY
2008-06-10,3,8,ew,tail clip,NA,NA,NA,L,YOY
2008-06-10,3,8,ew,tail clip,NA,NA,NA,L,YOY
2008-06-10,3,8,ew,tail clip,NA,NA,NA,L,YOY
2008-06-10,3,9,ew,tail clip,NA,NA,NA,L,YOY
2008-06-10,3,9,ew,tail clip,NA,NA,NA,L,YOY
2008-06-10,3,9,do,tail clip,NA,NA,NA,L,YOY
2008-06-10,3,9,dq,GXRR,42,85,2.402,A,NA
2008-06-11,1,2,do,tail clip,NA,NA,NA,L,YOY
2008-06-11,1,3,dq,XXGR,24,32,0.414,L,regen tail
2008-06-11,1,6,dq,RXXG,33,56,0.932,L,NA
2008-06-11,1,6,ew,NA,16,22,NA,L,recapture
2008-06-11,1,6,do,tail clip,NA,NA,NA,L,YOY
2008-06-11,1,6,ew,tail clip,16,22,NA,L,recapture
2008-06-11,1,9,do,GRXX,22,37,0.18,L,NA
2008-06-11,2,1,ew,tail clip,NA,NA,NA,L,YOY
2008-06-11,2,3,dm,RGXX,NA,NA,NA,A,recapture
2008-06-11,2,4,do,tail clip,NA,NA,NA,L,YOY
2008-06-11,2,6,gp,RXXG,32,57,0.615,L,NA
2008-06-11,2,8,dm,GRXX,NA,NA,NA,A,recapture
2008-06-11,2,8,gp,GRXX,NA,NA,NA,L,recapture
2008-06-11,2,8,dq,GGXR,NA,NA,NA,L,recapture
2008-06-11,2,9,ew,RXGX,NA,NA,NA,L,recapture
2008-06-11,2,9,dq,RRXG,NA,NA,NA,L,recapture
2008-06-11,2,9,do,tail clip,NA,NA,NA,L,YOY
2008-06-11,3,1,ew,tail clip,NA,NA,NA,L,YOY
2008-06-11,3,1,ew,tail clip,NA,NA,NA,L,YOY
2008-06-11,3,2,ew,tail clip,NA,NA,NA,L,YOY
2008-06-11,3,2,ew,tail clip,NA,NA,NA,L,YOY
2008-06-11,3,2,dq,RRGX,35,61,1.432,L,NA
2008-06-11,3,3,ew,tail clip,NA,NA,NA,L,NA
2008-06-11,3,3,ew,NA,NA,NA,NA,L,NA
2008-06-11,3,3,ew,NA,NA,NA,NA,L,recapture
2008-06-11,3,3,ew,NA,NA,NA,NA,L,recapture
2008-06-11,3,3,ew,NA,NA,NA,NA,L,recapture
2008-06-11,3,4,ew,NA,NA,NA,NA,L,recapture
2008-06-11,3,4,ew,NA,NA,NA,NA,L,recapture
2008-06-11,3,4,ew,tail clip,NA,NA,NA,L,YOY
2008-06-11,3,4,ew,tail clip,NA,NA,NA,L,YOY
2008-06-11,3,4,ew,tail clip,NA,NA,NA,L,YOY
2008-06-11,3,4,dq,GXRR,28,37,0.752,L,NA
2008-06-11,3,6,dq,RGXG,27,48,0.678,L,NA
2008-06-11,3,6,ew,tail clip,NA,NA,NA,L,YOY
2008-06-11,3,6,ew,NA,NA,NA,NA,L,recapture
2008-06-11,3,6,ew,NA,NA,NA,NA,L,recapture
2008-06-11,3,7,ew,NA,NA,NA,NA,L,recapture
2008-06-11,3,8,ew,NA,NA,NA,NA,L,recapture
2008-06-11,3,8,dq,GGGR,28,56,NA,L,NA
2008-06-11,3,9,ew,tail clip,NA,NA,NA,L,YOY
2008-06-12,4,2,ew,NA,NA,NA,NA,L,YOY
2008-06-12,4,2,gp,GRXX,43,77,1.627,L,NA
2008-06-12,4,3,ew,NA,11,15,0.025,L,NA
2008-06-12,4,3,ew,GXXR,16,28,0.107,L,NA
2008-06-12,4,4,ew,NA,NA,NA,NA,L,YOY
2008-06-12,4,5,ew,NA,NA,NA,NA,L,YOY
2008-06-12,4,6,ew,NA,NA,NA,NA,L,YOY
2008-06-12,4,6,ew,NA,NA,NA,NA,L,YOY
2008-06-12,4,6,ew,NA,NA,NA,NA,L,YOY
2008-06-12,4,6,ew,NA,NA,NA,NA,L,YOY
2008-06-12,4,8,ew,NA,NA,NA,NA,L,YOY
2008-06-12,4,8,ew,NA,NA,NA,NA,L,YOY
2008-06-12,4,9,dm,GRXX,23,55,0.454,A,NA
2008-06-12,4,9,ew,NA,NA,NA,NA,L,YOY
2008-06-12,4,9,ew,NA,NA,NA,NA,L,YOY
2008-06-12,4,9,ew,NA,NA,NA,NA,L,YOY
2008-06-12,4,9,ew,NA,NA,NA,NA,L,YOY
2008-06-12,4,9,ew,NA,NA,NA,NA,L,YOY
2008-06-12,4,9,ew,NA,NA,NA,NA,L,YOY
2008-06-12,4,10,ew,NA,NA,NA,NA,L,YOY
2008-06-12,4,10,dm,RGXX,42,44,1.414,A,NA
2008-06-12,4,10,dm,RXGX,36,54,0.749,L,NA
2008-06-12,6,1,ew,NA,NA,NA,NA,L,YOY
2008-06-12,6,1,ew,NA,NA,NA,NA,L,YOY
2008-06-12,6,1,ew,NA,NA,NA,NA,L,YOY
2008-06-12,6,1,ew,NA,NA,NA,NA,L,YOY
2008-06-12,6,1,ew,NA,NA,NA,NA,L,YOY
2008-06-12,6,1,ew,NA,NA,NA,NA,L,YOY
2008-06-12,6,1,ew,NA,NA,NA,NA,L,YOY
2008-06-12,6,1,ew,NA,NA,NA,NA,L,YOY
2008-06-12,6,1,ew,NA,NA,NA,NA,L,YOY
2008-06-12,6,1,ew,NA,NA,NA,NA,L,YOY
2008-06-12,6,1,ew,NA,NA,NA,NA,L,YOY
2008-06-12,6,1,ew,NA,NA,NA,NA,L,YOY
2008-06-12,6,1,ew,NA,NA,NA,NA,L,YOY
2008-06-12,6,1,ew,NA,NA,NA,NA,L,YOY
2008-06-12,6,1,ew,NA,NA,NA,NA,L,YOY
2008-06-12,6,1,ew,NA,NA,NA,NA,L,YOY
2008-06-12,6,1,ew,NA,NA,NA,NA,L,YOY
2008-06-12,6,1,do,NA,NA,NA,NA,L,YOY
2008-06-12,6,1,dq,YXXX,47,85,NA,A,recapture
2008-06-12,6,1,ew,GXRX,18,32,0.111,J,recapture
2008-06-12,6,2,ew,NA,NA,NA,NA,L,YOY
2008-06-12,6,2,ew,NA,NA,NA,NA,L,YOY
2008-06-12,6,2,ew,NA,NA,NA,NA,L,YOY
2008-06-12,6,2,ew,NA,NA,NA,NA,L,YOY
2008-06-12,6,2,ew,NA,NA,NA,NA,L,YOY
2008-06-12,6,2,ew,NA,NA,NA,NA,L,YOY
2008-06-12,6,2,ew,NA,NA,NA,NA,L,YOY
2008-06-12,6,3,ew,NA,NA,NA,NA,L,YOY
2008-06-12,6,3,ew,NA,NA,NA,NA,L,YOY
2008-06-12,6,3,ew,NA,NA,NA,NA,L,YOY
2008-06-12,6,4,ew,NA,NA,NA,NA,L,YOY
2008-06-12,6,4,ew,NA,NA,NA,NA,L,YOY
2008-06-12,6,4,ew,NA,NA,NA,NA,L,YOY
2008-06-12,6,4,ew,NA,NA,NA,NA,L,YOY
2008-06-12,6,4,ew,NA,NA,NA,NA,L,YOY
2008-06-12,6,4,ew,NA,NA,NA,NA,L,YOY
2008-06-12,6,4,ew,NA,NA,NA,NA,L,YOY
2008-06-12,6,4,ew,NA,NA,NA,NA,L,YOY
2008-06-12,6,4,ew,NA,NA,NA,NA,L,YOY
2008-06-12,6,4,ew,NA,NA,NA,NA,L,YOY
2008-06-12,6,4,ew,NA,NA,NA,NA,L,YOY
2008-06-12,6,4,ew,NA,NA,NA,NA,L,YOY
2008-06-12,6,4,dq,GRXX,36,72,1.515,L,NA
2008-06-12,6,5,ew,NA,NA,NA,NA,L,YOY
2008-06-12,6,5,ew,NA,NA,NA,NA,L,YOY
2008-06-12,6,5,ew,NA,NA,NA,NA,L,YOY
2008-06-12,6,6,ew,NA,NA,NA,NA,L,YOY
2008-06-12,6,6,ew,NA,NA,NA,NA,L,YOY
2008-06-12,6,6,ew,NA,NA,NA,NA,L,YOY
2008-06-12,6,6,ew,NA,NA,NA,NA,L,YOY
2008-06-12,6,6,ew,NA,NA,NA,NA,L,YOY
2008-06-12,6,6,ew,NA,NA,NA,NA,L,YOY
2008-06-12,6,6,ew,NA,NA,NA,NA,L,YOY
2008-06-12,6,6,dm,XXGX,NA,NA,NA,A,recapture
2008-06-12,6,7,ew,NA,NA,NA,NA,L,YOY
2008-06-12,6,7,ew,NA,NA,NA,NA,L,YOY
2008-06-12,6,7,ew,NA,NA,NA,NA,L,YOY
2008-06-12,6,7,ew,NA,NA,NA,NA,L,YOY
2008-06-12,6,7,ew,NA,NA,NA,NA,L,YOY
2008-06-12,6,7,ew,NA,NA,NA,NA,L,YOY
2008-06-12,6,7,ew,NA,NA,NA,NA,L,YOY
2008-06-12,6,7,ew,NA,NA,NA,NA,L,YOY
2008-06-12,6,7,ew,NA,NA,NA,NA,L,YOY
2008-06-12,6,7,dq,RGXX,32,51,0.86,L,NA
2008-06-12,6,7,dm,GRXX,25,51,0.362,A,NA
2008-06-12,6,7,ew,NA,17,23,NA,L,NA
2008-06-12,6,8,ew,NA,NA,NA,NA,L,YOY
2008-06-12,6,8,ew,NA,NA,NA,NA,L,YOY
2008-06-12,6,8,do,NA,NA,NA,NA,L,YOY
2008-06-12,6,9,ew,NA,NA,NA,NA,L,YOY
2008-06-12,6,10,dq,RXXG,30,45,NA,L,NA
2008-06-12,5,1,dq,GRXX,40,70,1.658,L,NA
2008-06-12,5,2,ew,NA,NA,NA,NA,L,YOY
2008-06-12,5,2,ew,NA,NA,NA,NA,L,YOY
2008-06-12,5,2,ew,NA,NA,NA,NA,L,YOY
2008-06-12,5,2,ew,NA,NA,NA,NA,L,YOY
2008-06-12,5,2,do,NA,NA,23,0.05,L,YOY
2008-06-12,5,2,ew,GXXX,18,31,0.123,L,NA
2008-06-12,5,3,do,GRXX,23,39,0.23,A,NA
2008-06-12,5,3,ew,NA,NA,NA,NA,L,YOY
2008-06-12,5,3,ew,NA,NA,NA,NA,L,YOY
2008-06-12,5,3,ew,NA,NA,NA,NA,L,YOY
2008-06-12,5,4,ew,NA,NA,NA,NA,L,YOY
2008-06-12,5,4,dq,RGXX,37,67,1.996,L,NA
2008-06-12,5,5,dq,RXXG,46,86,2.83,A,NA
2008-06-12,5,6,dq,GXXR,32,58,NA,L,NA
2008-06-12,5,7,dq,GGXX,NA,NA,NA,L,recapture
2008-06-12,5,9,dq,GRRX,38,62,1.521,L,NA
2008-06-13,4,3,ew,NA,NA,NA,NA,L,YOY
2008-06-13,4,5,ew,NA,NA,NA,NA,L,YOY
2008-06-13,4,5,ew,NA,NA,NA,NA,L,YOY
2008-06-13,4,6,ew,NA,NA,NA,NA,L,YOY
2008-06-13,4,6,ew,NA,NA,NA,NA,L,YOY
2008-06-13,4,10,ew,NA,NA,NA,NA,L,YOY
2008-06-13,6,1,ew,NA,NA,NA,NA,L,NA
2008-06-13,6,1,ew,GXRX,NA,NA,NA,L,recapture
2008-06-13,6,2,ew,NA,NA,NA,NA,L,YOY
2008-06-13,6,2,ew,NA,NA,NA,NA,L,YOY
2008-06-13,6,3,ew,NA,NA,NA,NA,L,NA
2008-06-13,6,4,ew,NA,NA,NA,NA,L,NA
2008-06-13,6,5,ew,NA,NA,NA,NA,L,YOY
2008-06-13,6,5,ew,NA,NA,NA,NA,L,YOY
2008-06-13,6,5,ew,NA,NA,NA,NA,L,YOY
2008-06-13,6,6,dm,XXGX,NA,NA,NA,A,recapture
2008-06-13,6,6,ew,NA,NA,NA,NA,L,YOY
2008-06-13,6,6,ew,NA,NA,NA,NA,L,YOY
2008-06-13,6,6,ew,NA,NA,NA,NA,L,YOY
2008-06-13,6,8,dq,RYXX,NA,NA,NA,L,recapture
2008-06-13,6,10,dq,GXXR,33,63,1.306,L,NA
2008-06-13,5,2,dq,XGXX,NA,NA,NA,L,recapture
2008-06-13,5,4,dq,GGXR,32,52,0.802,L,NA
2008-06-13,5,7,ew,NA,NA,NA,NA,L,YOY
2008-06-14,4,2,dq,RXXG,44,80,2.013,A,NA
2008-06-14,4,2,ew,RXXG,18,33,NA,L,NA
2008-06-14,4,4,ew,NA,15,31,NA,L,NA
2008-06-14,4,10,dm,RGXX,NA,NA,NA,A,recapture
2008-06-14,4,10,ew,NA,NA,NA,NA,L,YOY
2008-06-14,4,10,ew,NA,NA,NA,NA,L,YOY
2008-06-14,6,1,ew,NA,NA,NA,NA,L,YOY
2008-06-14,6,2,dq,RXXG,33,64,1.603,L,NA
2008-06-14,6,4,ew,NA,NA,NA,NA,L,YOY
2008-06-14,6,4,ew,NA,NA,NA,NA,L,YOY
2008-06-14,6,4,ew,NA,NA,NA,NA,L,YOY
2008-06-14,6,5,dq,GGXR,49,83,2.833,A,NA
2008-06-14,6,5,dq,NA,39,66,NA,L,missed
2008-06-14,6,7,dq,GRGX,30,49,NA,L,NA
2008-06-14,6,7,ew,NA,NA,NA,0.063,L,YOY
2008-06-14,6,7,ew,NA,NA,NA,0.063,L,YOY
2008-06-14,6,9,dq,RGGX,32,60,0.861,L,NA
2008-06-14,6,9,dq,RRGX,32,53,0.717,L,regen tail
2008-06-14,6,10,ew,NA,NA,NA,NA,L,YOY
2008-06-14,6,10,ew,NA,NA,NA,NA,L,YOY
2008-06-14,6,10,ew,NA,NA,NA,NA,L,YOY
2008-06-14,5,3,do,RGXX,41,82,1.148,A,NA
2008-06-14,5,6,ew,NA,NA,NA,NA,L,YOY
2008-06-14,5,9,dq,NA,NA,NA,NA,A,missed
2008-06-24,1,1,ew,NA,NA,NA,NA,L,YOY
2008-06-24,1,1,ew,NA,NA,NA,NA,L,YOY
2008-06-24,1,1,ew,NA,NA,NA,NA,L,YOY
2008-06-24,1,1,do,YOXX,20,35,0.16,A,NA
2008-06-24,1,2,ew,NA,NA,NA,NA,L,YOY
2008-06-24,1,2,ew,NA,NA,NA,NA,L,YOY
2008-06-24,1,2,ew,NA,NA,NA,NA,L,YOY
2008-06-24,1,2,ew,NA,NA,NA,NA,L,YOY
2008-06-24,1,2,do,NA,NA,NA,NA,L,YOY
2008-06-24,1,3,ew,NA,15,28,0.082,L,NA
2008-06-24,1,3,ew,NA,NA,NA,NA,L,YOY
2008-06-24,1,4,ew,NA,NA,NA,NA,L,YOY
2008-06-24,1,4,ew,YOXX,18,34,0.142,L,NA
2008-06-24,1,4,ew,OYXX,17,31,0.12,L,NA
2008-06-24,1,5,do,NA,14,25,NA,J,NA
2008-06-24,1,6,ew,NA,NA,NA,NA,L,YOY
2008-06-24,1,6,ew,NA,NA,NA,NA,L,YOY
2008-06-24,1,6,ew,YXXO,16,30,0.094,L,NA
2008-06-24,1,6,ew,OXXY,17,31,0.098,L,NA
2008-06-24,1,7,dq,YOXX,23,41,0.378,L,NA
2008-06-24,1,10,ew,NA,NA,NA,NA,L,YOY
2008-06-24,1,10,ew,NA,NA,NA,NA,L,YOY
2008-06-24,1,10,ew,NA,NA,NA,NA,L,YOY
2008-06-24,1,10,dq,OYXX,53,83,4.123,A,regen tail
2008-06-24,1,10,do,OYXX,22,42,0.192,A,NA
2008-06-24,2,1,dq,YOXX,27,50,0.533,L,NA
2008-06-24,2,1,dq,OYXX,33,58,0.937,L,NA
2008-06-24,2,3,dm,RGXX,31,61,NA,A,recapture
2008-06-24,2,3,do,NA,36,70,NA,A,missed
2008-06-24,2,4,ew,NA,NA,NA,NA,L,YOY
2008-06-24,2,4,ew,NA,NA,NA,NA,L,YOY
2008-06-24,2,4,ew,NA,NA,NA,NA,L,YOY
2008-06-24,2,4,ew,NA,NA,NA,NA,L,YOY
2008-06-24,2,4,do,NA,NA,NA,NA,L,YOY
2008-06-24,2,4,ew,NA,17,29,NA,L,NA
2008-06-24,2,4,ew,NA,16,31,NA,L,NA
2008-06-24,2,4,ew,NA,15,30,NA,L,NA
2008-06-24,2,5,do,NA,33,53,0.607,A,NA
2008-06-24,2,6,ew,NA,NA,NA,NA,L,YOY
2008-06-24,2,7,ew,NA,NA,NA,NA,L,YOY
2008-06-24,2,8,ew,NA,NA,NA,NA,L,YOY
2008-06-24,2,8,ew,NA,NA,NA,NA,L,YOY
2008-06-24,2,8,ew,NA,NA,NA,NA,L,YOY
2008-06-24,2,9,dq,YXOX,43,86,2.196,A,NA
2008-06-24,2,9,ew,NA,NA,NA,NA,L,YOY
2008-06-24,2,10,dq,OXYX,30,52,0.652,L,NA
2008-06-24,2,10,ew,NA,NA,NA,NA,L,YOY
2008-06-24,3,1,gp,YOXX,33,65,1.033,L,NA
2008-06-24,3,2,ew,NA,NA,NA,NA,L,YOY
2008-06-24,3,2,ew,NA,NA,NA,NA,L,YOY
2008-06-24,3,2,ew,NA,NA,NA,NA,L,YOY
2008-06-24,3,2,ew,NA,NA,NA,NA,L,YOY
2008-06-24,3,2,ew,NA,NA,NA,NA,L,YOY
2008-06-24,3,3,dq,GRXX,41,79,2.354,L,NA
2008-06-24,3,3,dq,YOXX,40,65,1.731,L,NA
2008-06-24,3,3,ew,NA,NA,NA,NA,L,YOY
2008-06-24,3,3,ew,NA,NA,NA,NA,L,YOY
2008-06-24,3,4,ew,NA,NA,NA,NA,L,YOY
2008-06-24,3,4,ew,NA,NA,NA,NA,L,YOY
2008-06-24,3,4,ew,NA,NA,NA,NA,L,YOY
2008-06-24,3,4,ew,NA,NA,NA,NA,L,YOY
2008-06-24,3,4,ew,NA,NA,NA,NA,L,YOY
2008-06-24,3,5,ew,NA,NA,NA,NA,L,YOY
2008-06-24,3,5,ew,NA,NA,NA,NA,L,YOY
2008-06-24,3,5,ew,NA,NA,NA,NA,L,YOY
2008-06-24,3,5,ew,NA,NA,NA,NA,L,YOY
2008-06-24,3,5,do,NA,14,23,0.091,J,NA
2008-06-24,3,5,do,YXOX,15,25,0.103,J,NA
2008-06-24,3,6,ew,NA,NA,NA,NA,L,YOY
2008-06-24,3,6,ew,NA,NA,NA,NA,L,YOY
2008-06-24,3,6,ew,NA,NA,NA,NA,L,YOY
2008-06-24,3,6,dm,YOXX,17,33,0.13,A,NA
2008-06-24,3,6,dq,OYXX,26,41,0.404,L,NA
2008-06-24,3,7,do,NA,NA,NA,NA,L,YOY
2008-06-24,3,7,do,NA,NA,NA,NA,L,YOY
2008-06-24,3,7,do,NA,NA,NA,NA,L,YOY
2008-06-24,3,7,do,NA,NA,NA,NA,L,YOY
2008-06-24,3,7,do,NA,NA,NA,NA,L,YOY
2008-06-24,3,7,ew,NA,NA,NA,NA,L,YOY
2008-06-24,3,7,do,OXYX,23,48,0.248,A,NA
2008-06-24,3,7,dq,YXOX,28,41,0.585,L,NA
2008-06-24,3,7,dq,OXYX,33,53,0.832,L,NA
2008-06-24,3,7,dq,XXYO,38,65,1.498,L,NA
2008-06-24,3,9,dq,XXOY,24,37,0.385,L,NA
2008-06-24,3,9,dq,YXXO,49,87,3.023,A,NA
2008-06-24,3,9,ew,NA,NA,NA,NA,L,YOY
2008-06-24,3,10,ew,NA,NA,NA,NA,L,YOY
2008-06-24,3,10,ew,NA,NA,NA,NA,L,YOY
2008-06-24,3,10,ew,NA,NA,NA,NA,L,YOY
2008-06-24,3,10,ew,NA,NA,NA,NA,L,YOY
2008-06-24,3,10,ew,NA,NA,NA,NA,L,YOY
2008-06-24,3,10,ew,NA,NA,NA,NA,L,YOY
2008-06-25,1,1,ew,NA,NA,NA,NA,L,YOY
2008-06-25,1,2,ew,NA,NA,NA,NA,L,YOY
2008-06-25,1,2,ew,NA,NA,NA,NA,L,YOY
2008-06-25,1,2,do,YOXX,50,79,2.04,A,NA
2008-06-25,1,4,ew,OYXX,NA,NA,NA,J,recapture
2008-06-25,1,4,ew,NA,NA,NA,NA,L,YOY
2008-06-25,1,6,dq,OXYX,40,82,2.116,L,NA
2008-06-25,1,6,dq,YXOX,50,94,NA,A,NA
2008-06-25,1,6,do,NA,NA,NA,NA,L,YOY
2008-06-25,1,6,ew,NA,NA,NA,NA,L,YOY
2008-06-25,1,6,ew,NA,NA,NA,NA,L,YOY
2008-06-25,1,6,do,NA,NA,NA,NA,L,YOY
2008-06-25,1,7,dq,OXXY,24,36,0.315,L,NA
2008-06-25,1,8,ew,OXXY,17,32,0.096,L,NA
2008-06-25,1,8,ew,NA,NA,NA,0.03,L,YOY
2008-06-25,1,8,ew,NA,NA,NA,0.028,L,YOY
2008-06-25,1,8,do,NA,NA,NA,0.053,L,YOY
2008-06-25,1,8,do,NA,NA,NA,0.041,L,YOY
2008-06-25,1,8,ew,YXXO,17,30,1.01,L,NA
2008-06-25,1,9,ew,NA,NA,NA,NA,L,YOY
2008-06-25,1,9,do,NA,NA,NA,NA,L,YOY
2008-06-25,1,10,dq,OOXY,54,97,NA,A,NA
2008-06-25,2,1,do,OYXX,37,70,0.105,A,NA
2008-06-25,2,1,dq,GXXX,35,42,0.895,L,NA
2008-06-25,2,1,ew,NA,NA,NA,NA,L,YOY
2008-06-25,2,1,ew,NA,NA,NA,NA,L,YOY
2008-06-25,2,1,do,NA,NA,NA,NA,L,YOY
2008-06-25,2,2,dq,YYXO,37,75,2.09,L,NA
2008-06-25,2,2,dq,OOXY,21,39,0.284,L,NA
2008-06-25,2,2,ew,NA,NA,NA,NA,L,YOY
2008-06-25,2,2,ew,NA,NA,NA,NA,L,YOY
2008-06-25,2,3,ew,NA,NA,NA,NA,L,YOY
2008-06-25,2,4,do,NA,NA,NA,0.05,L,YOY
2008-06-25,2,4,do,NA,NA,NA,NA,L,YOY
2008-06-25,2,4,do,NA,NA,NA,NA,L,YOY
2008-06-25,2,4,do,NA,NA,NA,NA,L,YOY
2008-06-25,2,4,ew,NA,NA,NA,NA,L,YOY
2008-06-25,2,4,ew,NA,NA,NA,NA,L,YOY
2008-06-25,2,4,ew,NA,15,30,1,L,NA
2008-06-25,2,5,ew,NA,NA,NA,NA,L,YOY
2008-06-25,2,5,ew,NA,NA,NA,NA,L,YOY
2008-06-25,2,6,ew,NA,NA,NA,NA,L,YOY
2008-06-25,2,6,ew,NA,NA,NA,NA,L,YOY
2008-06-25,2,7,ew,NA,NA,NA,NA,L,YOY
2008-06-25,2,7,ew,NA,NA,NA,NA,L,YOY
2008-06-25,2,7,ew,NA,NA,NA,NA,L,YOY
2008-06-25,2,7,do,NA,NA,NA,NA,L,YOY
2008-06-25,2,8,dm,OYXY,40,79,1.308,A,NA
2008-06-25,2,9,ew,NA,NA,NA,NA,L,YOY
2008-06-25,2,10,ew,NA,NA,NA,NA,L,YOY
2008-06-25,2,10,ew,NA,NA,NA,NA,L,YOY
2008-06-25,2,10,do,NA,NA,NA,NA,L,YOY
2008-06-25,3,1,ew,NA,NA,NA,NA,L,YOY
2008-06-25,3,1,do,NA,NA,NA,NA,L,YOY
2008-06-25,3,2,ew,NA,NA,NA,NA,L,YOY
2008-06-25,3,3,ew,NA,NA,NA,NA,L,YOY
2008-06-25,3,3,ew,NA,NA,NA,NA,L,YOY
2008-06-25,3,3,ew,NA,NA,NA,NA,L,YOY
2008-06-25,3,3,dq,OOXY,23,40,0.39,L,NA
2008-06-25,3,3,dq,OOYX,20,38,0.23,L,NA
2008-06-25,3,4,ew,NA,NA,NA,NA,L,YOY
2008-06-25,3,4,ew,NA,NA,NA,NA,L,YOY
2008-06-25,3,4,dm,OYXX,40,85,1.642,A,NA
2008-06-25,3,6,dq,RGXG,30,45,0.665,L,recapture
2008-06-25,3,6,dq,YYOX,21,36,NA,L,NA
2008-06-25,3,6,dm,NA,19,30,NA,A,missed
2008-06-25,3,7,dq,OOXY,30,54,NA,L,NA
2008-06-25,3,9,ew,NA,NA,NA,NA,L,YOY
2008-06-25,3,9,ew,NA,NA,NA,NA,L,YOY
2008-06-25,3,9,dm,YOXX,25,50,NA,A,NA
2008-06-25,3,10,ew,NA,NA,NA,NA,L,YOY
2008-06-26,1,1,ew,NA,NA,NA,NA,L,YOY
2008-06-26,1,1,do,NA,NA,NA,NA,L,YOY
2008-06-26,1,2,do,NA,NA,NA,NA,L,YOY
2008-06-26,1,4,ew,OXXY,14,21,0.085,L,NA
2008-06-26,1,5,do,OXXY,19,32,0.121,A,NA
2008-06-26,1,6,gp,YOXX,42,66,1.546,L,NA
2008-06-26,1,7,dq,OXXY,25,35,NA,L,NA
2008-06-26,1,9,do,YXXO,22,40,0.21,L,NA
2008-06-26,1,9,do,NA,NA,NA,NA,L,YOY
2008-06-26,1,10,ew,NA,NA,NA,NA,L,YOY
2008-06-26,1,10,ew,NA,NA,NA,NA,L,YOY
2008-06-26,1,10,do,YYXO,20,30,NA,A,NA
2008-06-26,2,1,dq,YOYX,46,80,NA,A,NA
2008-06-26,2,1,dm,GXXX,33,41,NA,A,recapture
2008-06-26,2,1,ew,NA,NA,NA,NA,L,YOY
2008-06-26,2,3,dq,OOYX,34,62,NA,L,NA
2008-06-26,2,3,do,YOXX,34,65,NA,L,NA
2008-06-26,2,5,ew,NA,NA,NA,NA,L,YOY
2008-06-26,2,6,do,NA,NA,NA,NA,L,YOY
2008-06-26,2,7,dm,OYXX,35,64,NA,A,NA
2008-06-26,2,9,dq,OYYX,45,78,NA,A,NA
2008-06-26,3,1,ew,NA,NA,NA,NA,L,YOY
2008-06-26,3,1,ew,NA,NA,NA,NA,L,YOY
2008-06-26,3,2,ew,NA,NA,NA,NA,L,YOY
2008-06-26,3,3,do,NA,NA,NA,NA,L,YOY
2008-06-26,3,3,do,NA,NA,NA,NA,L,YOY
2008-06-26,3,3,ew,NA,NA,NA,NA,L,YOY
2008-06-26,3,4,ew,NA,NA,NA,NA,L,YOY
2008-06-26,3,5,ew,NA,NA,NA,NA,L,YOY
2008-06-26,3,6,ew,NA,NA,NA,NA,L,YOY
2008-06-26,3,6,ew,NA,NA,NA,NA,L,YOY
2008-06-26,3,6,dq,OOYX,20,35,NA,L,NA
2008-06-26,3,7,dq,OOXY,NA,NA,NA,L,recapture
2008-06-26,3,7,ew,NA,15,30,1,L,NA
2008-06-26,3,7,ew,NA,NA,NA,NA,L,YOY
2008-06-26,3,9,ew,NA,NA,NA,NA,L,YOY
2008-06-26,3,9,dq,OOOY,50,86,NA,A,NA
2008-06-27,4,3,ew,NA,NA,NA,NA,L,YOY
2008-06-27,4,3,ew,NA,NA,NA,NA,L,YOY
2008-06-27,4,3,ew,NA,NA,NA,NA,L,YOY
2008-06-27,4,4,ew,NA,NA,NA,NA,L,YOY
2008-06-27,4,4,dq,YOXX,41,78,1.56,A,NA
2008-06-27,4,5,gp,YOXX,35,63,0.86,L,NA
2008-06-27,4,5,ew,NA,NA,NA,NA,L,YOY
2008-06-27,4,6,dq,OYXX,30,57,0.23,L,NA
2008-06-27,4,6,dq,NA,NA,NA,NA,L,YOY
2008-06-27,4,10,ew,NA,NA,NA,NA,L,YOY
2008-06-27,6,1,ew,NA,NA,NA,NA,L,YOY
2008-06-27,6,1,ew,NA,NA,NA,NA,L,YOY
2008-06-27,6,1,do,NA,NA,NA,NA,L,YOY
2008-06-27,6,2,ew,NA,NA,NA,NA,L,YOY
2008-06-27,6,2,ew,NA,NA,NA,NA,L,YOY
2008-06-27,6,2,ew,NA,NA,NA,NA,L,YOY
2008-06-27,6,3,do,NA,NA,NA,NA,L,YOY
2008-06-27,6,4,ew,NA,NA,NA,NA,L,YOY
2008-06-27,6,4,ew,NA,NA,NA,NA,L,YOY
2008-06-27,6,4,ew,NA,NA,NA,NA,L,YOY
2008-06-27,6,5,dq,YOXX,42,73,2.19,A,NA
2008-06-27,6,5,ew,NA,NA,NA,NA,L,YOY
2008-06-27,6,6,do,NA,NA,NA,NA,L,YOY
2008-06-27,6,6,ew,NA,NA,NA,NA,L,YOY
2008-06-27,6,7,ew,NA,NA,NA,NA,L,YOY
2008-06-27,6,7,ew,NA,NA,NA,NA,L,YOY
2008-06-27,6,7,ew,NA,NA,NA,NA,L,YOY
2008-06-27,6,7,ew,NA,15,30,NA,L,NA
2008-06-27,6,9,dq,RGGX,NA,NA,NA,L,recapture
2008-06-27,6,10,dq,XXRR,NA,NA,NA,L,recapture
2008-06-27,5,1,ew,NA,NA,NA,NA,L,YOY
2008-06-27,5,5,dq,YOXX,34,61,1.17,L,NA
2008-06-27,5,5,ew,NA,NA,NA,NA,L,YOY
2008-06-27,5,7,dm,YOXX,42,75,1.68,A,NA
2008-06-27,5,8,dq,OYXX,34,43,0.92,L,NA
2008-06-27,5,8,ew,NA,NA,NA,NA,L,YOY
2008-06-27,5,9,dq,YOXX,23,27,0.3,L,regen tail
2008-06-27,5,9,ew,NA,NA,NA,NA,L,NA
2008-06-27,5,10,dq,YXXO,78,127,13.42,A,NA
2008-06-27,5,10,ew,NA,NA,NA,NA,L,YOY
2008-06-27,5,10,ew,NA,NA,NA,NA,L,YOY
2008-06-27,5,10,ew,NA,NA,NA,NA,L,YOY
2008-06-28,4,2,ew,NA,NA,NA,NA,L,YOY
2008-06-28,4,4,ew,NA,NA,NA,NA,L,YOY
2008-06-28,4,6,ew,NA,NA,NA,NA,L,YOY
2008-06-28,4,8,do,OYXX,32,63,0.64,A,NA
2008-06-28,4,9,ew,YXOX,18,33,0.13,L,NA
2008-06-28,6,1,ew,NA,NA,NA,NA,L,YOY
2008-06-28,6,4,ew,NA,NA,NA,NA,L,YOY
2008-06-28,6,5,do,OYXX,28,46,0.66,A,NA
2008-06-28,6,5,dq,OXYX,43,53,2.13,A,NA
2008-06-28,6,6,do,NA,NA,NA,NA,L,YOY
2008-06-28,6,6,do,NA,NA,NA,NA,L,YOY
2008-06-28,6,9,dq,YXXO,NA,NA,NA,L,NA
2008-06-28,6,10,ew,NA,NA,NA,NA,L,YOY
2008-06-28,6,10,ew,NA,NA,NA,NA,L,YOY
2008-06-28,6,10,do,NA,NA,NA,NA,L,YOY
2008-06-28,6,10,dq,XXRR,NA,NA,NA,A,recapture
2008-06-28,5,2,ew,NA,NA,NA,NA,L,YOY
2008-06-28,5,2,ew,NA,NA,NA,NA,L,YOY
2008-06-28,5,3,do,YOXX,36,51,0.93,A,regen tail
2008-06-28,5,4,ew,NA,NA,NA,NA,L,YOY
2008-06-28,5,4,ew,NA,NA,NA,NA,L,YOY
2008-06-28,5,10,ew,NA,NA,NA,NA,L,YOY
2008-06-29,4,5,dq,YOXX,34,57,0.87,L,NA
2008-06-29,4,9,ew,NA,NA,NA,NA,L,YOY
2008-06-29,5,1,ew,NA,NA,NA,NA,L,YOY
2008-06-29,5,7,ew,NA,NA,NA,NA,L,YOY
2008-06-29,6,1,dq,OOXY,30,60,1.17,L,NA
2008-06-29,6,5,dq,YYOX,38,67,1.56,L,NA
2008-06-29,6,5,dq,YYXO,46,77,2.53,A,NA
2008-06-29,6,8,ew,NA,NA,NA,NA,L,YOY
2008-06-29,6,8,ew,NA,NA,NA,NA,L,YOY
2008-06-29,6,10,dq,OOXY,25,39,0.3,L,NA
2008-07-09,1,1,do,NA,10,12,0.04,J,NA
2008-07-09,1,1,do,NA,15,22,0.07,J,NA
2008-07-09,1,1,do,NA,16,23,0.07,J,NA
2008-07-09,1,2,ew,NA,11,16,0.01,L,NA
2008-07-09,1,2,ew,NA,11,16,0.01,L,NA
2008-07-09,1,2,ew,NA,NA,NA,NA,L,YOY
2008-07-09,1,2,ew,NA,NA,NA,NA,L,YOY
2008-07-09,1,2,ew,NA,NA,NA,NA,L,YOY
2008-07-09,1,2,ew,NA,NA,NA,NA,L,YOY
2008-07-09,1,3,ew,NA,NA,NA,NA,L,YOY
2008-07-09,1,3,ew,NA,NA,NA,NA,L,YOY
2008-07-09,1,3,ew,NA,NA,NA,NA,L,YOY
2008-07-09,1,3,ew,NA,NA,NA,NA,L,YOY
2008-07-09,1,3,ew,NA,NA,NA,NA,L,YOY
2008-07-09,1,3,do,NA,NA,NA,NA,L,YOY
2008-07-09,1,4,do,NA,12,25,NA,L,NA
2008-07-09,1,4,ew,NA,NA,NA,NA,L,YOY
2008-07-09,1,4,ew,NA,NA,NA,NA,L,YOY
2008-07-09,1,4,ew,NA,NA,NA,NA,L,YOY
2008-07-09,1,4,ew,NA,NA,NA,NA,L,YOY
2008-07-09,1,5,ew,NA,NA,NA,NA,L,YOY
2008-07-09,1,5,ew,NA,NA,NA,NA,L,YOY
2008-07-09,1,5,ew,NA,NA,NA,NA,L,YOY
2008-07-09,1,5,ew,NA,NA,NA,NA,L,YOY
2008-07-09,1,5,do,NA,NA,NA,0.02,L,YOY
2008-07-09,1,5,dq,YGXX,20,36,0.2,L,NA
2008-07-09,1,6,do,NA,NA,NA,NA,L,YOY
2008-07-09,1,7,do,GYXX,21,41,NA,A,NA
2008-07-09,1,7,do,YGXX,23,36,0.2,A,NA
2008-07-09,1,7,ew,NA,NA,NA,NA,L,YOY
2008-07-09,1,8,ew,NA,NA,NA,NA,L,YOY
2008-07-09,1,8,ew,NA,NA,NA,NA,L,YOY
2008-07-09,1,9,do,NA,NA,NA,0.06,L,YOY
2008-07-09,1,9,do,NA,NA,NA,0.07,L,YOY
2008-07-09,1,9,do,NA,NA,NA,0.04,L,YOY
2008-07-09,1,10,ew,NA,NA,NA,NA,L,YOY
2008-07-09,2,1,ew,NA,NA,NA,0.03,L,YOY
2008-07-09,2,3,do,GYXX,32,68,0.93,A,NA
2008-07-09,2,3,dq,XOXX,38,70,1.56,L,recapture
2008-07-09,2,3,dq,GYXX,33,65,0.85,L,NA
2008-07-09,2,3,ew,NA,NA,NA,NA,L,YOY
2008-07-09,2,4,dq,YGXX,45,54,2.08,A,NA
2008-07-09,2,4,ew,NA,NA,NA,NA,L,YOY
2008-07-09,2,4,ew,NA,NA,NA,NA,L,YOY
2008-07-09,2,7,dm,OGXX,NA,NA,1.2,L,NA
2008-07-09,2,7,ew,NA,NA,NA,NA,L,YOY
2008-07-09,2,7,ew,NA,NA,NA,NA,L,YOY
2008-07-09,2,7,ew,NA,NA,NA,NA,L,YOY
2008-07-09,2,8,ew,NA,NA,NA,NA,L,YOY
2008-07-09,2,8,ew,NA,NA,NA,NA,L,NA
2008-07-09,2,8,ew,NA,NA,NA,NA,L,YOY
2008-07-09,2,8,dq,GGXR,37,65,1.38,L,recapture
2008-07-09,2,9,ew,NA,NA,NA,NA,L,YOY
2008-07-09,2,10,dq,RXGX,NA,NA,NA,L,recapture
2008-07-09,2,10,dq,XGYX,NA,NA,0.21,L,NA
2008-07-09,2,10,ew,NA,NA,NA,NA,L,YOY
2008-07-09,3,1,ew,NA,NA,NA,NA,L,YOY
2008-07-09,3,1,ew,NA,NA,NA,NA,L,YOY
2008-07-09,3,1,gp,GYXX,56,101,3.77,L,NA
2008-07-09,3,1,do,GYXX,40,71,NA,A,NA
2008-07-09,3,1,do,NA,21,27,NA,L,regen tail
2008-07-09,3,2,dm,GYXX,27,56,0.6,A,NA
2008-07-09,3,2,ew,NA,NA,NA,NA,L,YOY
2008-07-09,3,2,ew,NA,NA,NA,NA,L,YOY
2008-07-09,3,2,ew,NA,NA,NA,NA,L,YOY
2008-07-09,3,2,ew,NA,NA,NA,NA,L,YOY
2008-07-09,3,2,ew,NA,NA,NA,NA,L,YOY
2008-07-09,3,2,ew,NA,NA,NA,NA,L,YOY
2008-07-09,3,2,dq,YGXX,36,53,0.93,L,NA
2008-07-09,3,2,dq,GXYX,22,40,0.27,L,NA
2008-07-09,3,4,ew,NA,NA,NA,NA,L,YOY
2008-07-09,3,4,ew,NA,NA,NA,NA,L,YOY
2008-07-09,3,5,ew,NA,NA,NA,NA,L,YOY
2008-07-09,3,6,ew,NA,NA,NA,NA,L,YOY
2008-07-09,3,6,ew,NA,NA,NA,NA,L,YOY
2008-07-09,3,6,ew,NA,NA,NA,NA,L,YOY
2008-07-09,3,8,ew,NA,NA,NA,NA,L,YOY
2008-07-09,3,8,ew,NA,NA,NA,NA,L,YOY
2008-07-09,3,9,dq,YXGX,32,36,0.75,L,NA
2008-07-09,3,9,ew,NA,NA,NA,NA,L,YOY
2008-07-09,3,9,ew,NA,NA,NA,NA,L,YOY
2008-07-09,3,10,dq,YXXG,40,65,1.67,L,NA
2008-07-10,1,1,ew,NA,NA,NA,NA,L,YOY
2008-07-10,1,3,ew,NA,NA,NA,NA,L,YOY
2008-07-10,1,3,ew,NA,NA,NA,NA,L,YOY
2008-07-10,1,3,do,GXXY,33,61,0.57,A,NA
2008-07-10,1,3,do,YXXG,22,33,0.18,A,NA
2008-07-10,1,3,do,NA,16,30,0.09,A,NA
2008-07-10,1,3,do,NA,15,31,0.03,A,NA
2008-07-10,1,4,do,GXYX,33,71,0.76,A,NA
2008-07-10,1,4,ew,NA,NA,NA,NA,L,YOY
2008-07-10,1,7,do,YXXG,22,41,0.18,A,NA
2008-07-10,1,7,dq,YXXG,44,80,1.98,A,missing back left leg
2008-07-10,1,8,ew,GXYX,18,35,0.12,J,NA
2008-07-10,1,8,ew,NA,NA,NA,NA,L,YOY
2008-07-10,1,9,do,NA,NA,NA,NA,L,YOY
2008-07-10,1,10,ew,NA,NA,NA,NA,L,YOY
2008-07-10,2,1,dm,GYXX,65,111,4.88,A,NA
2008-07-10,2,1,do,GGYX,33,75,0.79,L,NA
2008-07-10,2,3,ew,NA,NA,NA,NA,L,YOY
2008-07-10,2,5,dq,GRXX,NA,NA,NA,L,recapture
2008-07-10,2,7,ew,NA,NA,NA,NA,L,YOY
2008-07-10,2,7,ew,NA,NA,NA,NA,L,YOY
2008-07-10,2,7,ew,NA,NA,NA,NA,L,YOY
2008-07-10,2,9,ew,NA,NA,NA,NA,L,YOY
2008-07-10,3,1,ew,NA,NA,NA,NA,L,YOY
2008-07-10,3,1,ew,NA,NA,NA,NA,L,YOY
2008-07-10,3,2,ew,NA,NA,NA,NA,L,YOY
2008-07-10,3,2,ew,NA,NA,NA,NA,L,YOY
2008-07-10,3,2,ew,NA,NA,NA,NA,L,YOY
2008-07-10,3,2,ew,NA,NA,NA,NA,L,YOY
2008-07-10,3,2,dm,GYXX,NA,NA,NA,L,NA
2008-07-10,3,3,dq,GXYX,40,75,1.53,L,NA
2008-07-10,3,3,ew,NA,NA,NA,NA,L,YOY
2008-07-10,3,3,ew,NA,NA,NA,NA,L,YOY
2008-07-10,3,4,ew,NA,NA,NA,NA,L,YOY
2008-07-10,3,4,ew,NA,NA,NA,NA,L,YOY
2008-07-10,3,4,ew,NA,NA,NA,NA,L,YOY
2008-07-10,3,4,ew,NA,NA,NA,NA,L,YOY
2008-07-10,3,5,ew,NA,NA,NA,NA,L,YOY
2008-07-10,3,5,ew,NA,NA,NA,NA,L,YOY
2008-07-10,3,5,do,NA,NA,NA,NA,L,YOY
2008-07-10,3,6,ew,NA,NA,NA,NA,L,YOY
2008-07-10,3,6,ew,NA,NA,NA,NA,L,YOY
2008-07-10,3,6,ew,NA,NA,NA,NA,L,YOY
2008-07-10,3,7,dq,GXXY,24,40,0.26,L,NA
2008-07-10,3,8,ew,NA,NA,NA,NA,L,YOY
2008-07-10,3,8,ew,NA,NA,NA,NA,L,YOY
2008-07-10,3,10,ew,NA,NA,NA,NA,L,YOY
2008-07-10,3,10,ew,NA,NA,NA,NA,L,YOY
2008-07-11,1,2,dq,YYXG,44,95,2.87,A,NA
2008-07-11,1,2,ew,GYXX,52,97,3,A,NA
2008-07-11,1,2,ew,NA,NA,NA,NA,L,YOY
2008-07-11,1,2,ew,NA,NA,NA,NA,L,YOY
2008-07-11,1,2,ew,NA,NA,NA,NA,L,YOY
2008-07-11,1,3,ew,NA,NA,NA,NA,L,YOY
2008-07-11,1,4,do,NA,NA,NA,NA,L,YOY
2008-07-11,1,4,dq,GGXY,31,55,0.87,L,NA
2008-07-11,1,5,do,NA,NA,NA,NA,L,YOY
2008-07-11,1,5,do,NA,NA,NA,NA,L,YOY
2008-07-11,1,5,ew,NA,NA,NA,NA,L,YOY
2008-07-11,1,5,do,YXGX,20,35,0.14,A,NA
2008-07-11,1,6,dq,YYGX,51,71,3.52,A,NA
2008-07-11,1,8,dm,GYXX,24,46,0.28,A,NA
2008-07-11,1,9,dq,XYYR,NA,NA,2.78,A,recapture
2008-07-11,2,1,do,NA,NA,NA,NA,L,YOY
2008-07-11,2,1,dq,YXGX,21,27,0.24,L,NA
2008-07-11,2,3,dm,YGXX,37,56,1.02,A,NA
2008-07-11,2,4,dm,GXYX,33,64,0.83,A,NA
2008-07-11,2,7,dq,GGXY,27,45,0.31,L,NA
2008-07-11,2,10,dq,OXYX,NA,NA,NA,L,recapture
2008-07-11,3,2,ew,NA,NA,NA,NA,L,YOY
2008-07-11,3,2,ew,NA,NA,NA,NA,L,YOY
2008-07-11,3,2,dq,GGXY,36,60,1.06,L,NA
2008-07-11,3,2,dq,YYXG,22,40,0.25,L,NA
2008-07-11,3,2,dm,GYXX,NA,NA,NA,A,recapture
2008-07-11,3,1,do,GYXX,NA,NA,NA,L,recapture
2008-07-11,3,1,ew,NA,NA,NA,NA,L,YOY
2008-07-11,3,4,dq,GYXG,48,92,2.74,A,NA
2008-07-11,3,4,ew,NA,NA,NA,NA,L,YOY
2008-07-11,3,4,ew,NA,NA,NA,NA,L,YOY
2008-07-11,3,5,dq,XXXO,NA,NA,NA,L,recapture
2008-07-11,3,6,dq,YGXG,25,45,0.41,L,NA
2008-07-11,3,6,ew,NA,NA,NA,NA,L,YOY
2008-07-11,3,8,ew,NA,NA,NA,NA,L,YOY
2008-07-11,3,8,ew,NA,NA,NA,NA,L,YOY
2008-07-11,3,10,dq,YXGY,30,54,0.73,L,NA
2008-07-12,4,1,dq,GYXX,34,54,0.95,L,NA
2008-07-12,4,1,dq,YGXX,33,54,0.82,L,NA
2008-07-12,4,1,dq,GXYX,31,48,0.58,L,NA
2008-07-12,4,2,ew,NA,NA,NA,NA,L,YOY
2008-07-12,4,2,ew,NA,NA,NA,NA,L,YOY
2008-07-12,4,2,ew,NA,NA,NA,NA,L,YOY
2008-07-12,4,2,ew,NA,NA,NA,NA,L,YOY
2008-07-12,4,3,ew,NA,NA,NA,NA,L,YOY
2008-07-12,4,4,dq,YXGX,43,75,1.83,A,NA
2008-07-12,4,4,ew,NA,NA,NA,NA,L,YOY
2008-07-12,4,4,ew,NA,NA,NA,NA,L,YOY
2008-07-12,4,5,ew,NA,NA,NA,NA,L,YOY
2008-07-12,4,6,dq,XXXR,NA,NA,NA,L,recapture
2008-07-12,4,8,dq,YXXG,46,92,2.54,A,NA
2008-07-12,4,9,ew,NA,NA,NA,NA,L,YOY
2008-07-12,4,10,dq,GXXY,37,66,1.37,L,metamorphic
2008-07-12,6,1,ew,NA,NA,NA,NA,L,YOY
2008-07-12,6,1,ew,NA,NA,NA,NA,L,YOY
2008-07-12,6,1,dq,GYXX,35,55,1.11,L,NA
2008-07-12,6,2,dq,YGXX,42,60,1.34,L,NA
2008-07-12,6,2,ew,NA,NA,NA,NA,L,YOY
2008-07-12,6,2,ew,NA,NA,NA,NA,L,YOY
2008-07-12,6,3,ew,NA,NA,NA,NA,L,YOY
2008-07-12,6,3,ew,NA,NA,NA,NA,L,YOY
2008-07-12,6,4,ew,NA,NA,NA,NA,L,YOY
2008-07-12,6,4,dm,RXXX,NA,NA,NA,A,recapture
2008-07-12,6,5,ew,NA,NA,NA,NA,L,YOY
2008-07-12,6,6,ew,NA,NA,NA,NA,L,YOY
2008-07-12,6,9,dq,YYXX,NA,NA,NA,L,recapture
2008-07-12,6,9,dq,YXGX,32,56,0.88,L,NA
2008-07-12,6,10,dq,GXYX,34,60,1.03,L,NA
2008-07-12,5,1,dm,GXXX,NA,NA,NA,A,recapture
2008-07-12,5,2,dq,GYXX,45,57,1.5,A,NA
2008-07-12,5,2,ew,NA,NA,NA,NA,L,YOY
2008-07-12,5,2,ew,NA,NA,NA,NA,L,YOY
2008-07-12,5,3,gp,GYXX,58,91,3.16,L,NA
2008-07-12,5,9,dq,YGXX,32,54,1.11,L,NA
2008-07-13,4,1,dq,YXXG,33,60,0.86,L,NA
2008-07-13,4,1,gp,NA,17,81,0.09,L,NA
2008-07-13,4,2,ew,NA,NA,NA,NA,L,YOY
2008-07-13,4,2,ew,NA,NA,NA,NA,L,YOY
2008-07-13,4,4,ew,NA,NA,NA,NA,L,YOY
2008-07-13,4,5,do,GXXY,32,55,0.082,A,NA
2008-07-13,4,6,ew,NA,NA,NA,NA,L,YOY
2008-07-13,4,10,dm,RGXX,NA,NA,NA,A,recapture
2008-07-13,4,10,ew,NA,NA,NA,NA,L,YOY
2008-07-13,4,10,ew,NA,NA,NA,NA,L,YOY
2008-07-13,6,1,ew,NA,NA,NA,NA,L,YOY
2008-07-13,6,1,ew,NA,NA,NA,NA,L,YOY
2008-07-13,6,1,ew,NA,NA,NA,NA,L,YOY
2008-07-13,6,1,ew,NA,NA,NA,NA,L,YOY
2008-07-13,6,2,dq,GXXY,NA,NA,0.3,L,YOY
2008-07-13,6,2,ew,NA,NA,NA,NA,L,YOY
2008-07-13,6,3,gp,GYXX,40,66,1.04,L,NA
2008-07-13,6,3,dq,GXXY,39,71,1.66,L,NA
2008-07-13,6,5,ew,NA,NA,NA,NA,L,YOY
2008-07-13,6,5,ew,NA,NA,NA,NA,L,YOY
2008-07-13,6,6,dq,GYXX,26,48,0.61,L,NA
2008-07-13,6,6,dm,YXXG,19,35,0.18,A,NA
2008-07-13,6,7,dq,YYYX,45,85,NA,A,NA
2008-07-13,6,7,ew,NA,NA,NA,NA,L,YOY
2008-07-13,6,10,dm,NA,24,43,NA,A,NA
2008-07-13,5,2,ew,NA,NA,NA,NA,L,YOY
2008-07-13,5,2,dq,GYXX,NA,NA,NA,L,recapture
2008-07-13,5,4,ew,NA,NA,NA,NA,L,NA
2008-07-13,5,6,dq,GXXY,33,66,1.26,L,NA
2008-07-14,4,8,dq,YXXG,NA,NA,2.76,A,recapture
2008-07-14,4,9,ew,NA,NA,NA,NA,L,YOY
2008-07-14,4,9,ew,NA,NA,NA,NA,L,YOY
2008-07-14,6,3,dq,GYXG,21,38,0.26,L,NA
2008-07-14,6,4,ew,NA,NA,NA,NA,L,YOY
2008-07-14,6,6,dq,GYXX,NA,NA,NA,L,recapture
2008-07-14,6,10,ew,NA,NA,NA,NA,L,YOY
2008-07-14,5,2,dq,GYXX,NA,NA,NA,L,recapture
2008-07-14,5,6,dq,GXXY,NA,NA,NA,L,recapture
2008-07-14,5,7,dq,GGXY,26,47,0.57,L,NA
2008-07-14,5,9,dq,YXGX,27,52,0.57,L,NA
2008-07-24,1,1,ew,NA,NA,NA,NA,L,YOY
2008-07-24,1,2,ew,NA,NA,NA,NA,L,YOY
2008-07-24,1,2,ew,NA,NA,NA,NA,L,YOY
2008-07-24,1,3,ew,NA,NA,NA,NA,L,YOY
2008-07-24,1,3,do,NA,14,30,0.09,A,NA
2008-07-24,1,4,dq,GXXX,NA,NA,NA,L,recapture
2008-07-24,1,4,ew,NA,NA,NA,NA,L,YOY
2008-07-24,1,4,ew,NA,NA,NA,NA,L,YOY
2008-07-24,1,4,do,NA,NA,NA,NA,L,YOY
2008-07-24,1,5,do,YXXX,22,40,NA,A,recapture
2008-07-24,1,5,ew,NA,NA,NA,NA,L,YOY
2008-07-24,1,6,ew,NA,NA,NA,NA,L,YOY
2008-07-24,1,9,ew,NA,NA,NA,NA,L,YOY
2008-07-24,1,9,gp,ORXX,33,60,0.88,L,NA
2008-07-24,1,10,gp,ROXX,37,65,1.2,L,NA
2008-07-24,2,1,ew,NA,NA,NA,NA,L,YOY
2008-07-24,2,4,ew,NA,NA,NA,NA,L,YOY
2008-07-24,2,4,dm,GXYX,NA,NA,NA,A,recapture
2008-07-24,2,6,ew,NA,NA,NA,NA,L,YOY
2008-07-24,2,6,ew,NA,NA,NA,NA,L,YOY
2008-07-24,2,6,ew,NA,NA,NA,NA,L,YOY
2008-07-24,2,6,ew,NA,NA,NA,NA,L,YOY
2008-07-24,2,8,gp,ORXX,50,78,2.27,L,NA
2008-07-24,2,8,dq,ORXX,42,71,1.66,A,NA
2008-07-24,2,8,ew,NA,NA,NA,NA,L,YOY
2008-07-24,2,9,ew,NA,NA,NA,NA,L,YOY
2008-07-24,2,10,dq,OXRX,NA,NA,NA,L,NA
2008-07-24,2,10,ew,NA,NA,NA,NA,L,YOY
2008-07-24,3,1,dq,ORXX,42,74,1.8,A,NA
2008-07-24,3,1,ew,NA,NA,NA,NA,L,YOY
2008-07-24,3,2,dq,ROXX,36,67,1.11,L,NA
2008-07-24,3,2,ew,NA,NA,NA,NA,L,YOY
2008-07-24,3,3,dq,OXRX,22,38,0.27,L,NA
2008-07-24,3,4,ew,NA,NA,NA,NA,L,YOY
2008-07-24,3,5,dq,RXOX,33,57,0.9,L,NA
2008-07-24,3,6,ew,NA,NA,NA,NA,L,YOY
2008-07-24,3,6,ew,NA,NA,NA,NA,L,YOY
2008-07-24,3,6,dq,RXXO,23,39,0.21,L,NA
2008-07-24,3,7,ew,NA,NA,NA,NA,L,YOY
2008-07-24,3,8,ew,NA,NA,NA,NA,L,YOY
2008-07-24,3,8,dq,OXXR,32,54,0.72,L,NA
2008-07-24,3,10,ew,NA,NA,NA,NA,L,YOY
2008-07-24,4,10,ew,NA,NA,NA,NA,L,YOY
2008-07-25,1,1,ew,NA,NA,NA,NA,L,YOY
2008-07-25,1,1,ew,NA,NA,NA,NA,L,YOY
2008-07-25,1,1,ew,NA,NA,NA,NA,L,YOY
2008-07-25,1,1,ew,NA,NA,NA,NA,L,YOY
2008-07-25,1,2,ew,NA,NA,NA,NA,L,YOY
2008-07-25,1,3,ew,NA,NA,NA,NA,L,YOY
2008-07-25,1,3,ew,NA,NA,NA,NA,L,YOY
2008-07-25,1,3,ew,NA,NA,NA,NA,L,YOY
2008-07-25,1,3,ew,NA,NA,NA,NA,L,YOY
2008-07-25,1,3,do,NA,NA,NA,NA,L,YOY
2008-07-25,1,4,ew,NA,NA,NA,NA,L,YOY
2008-07-25,1,6,ew,NA,NA,NA,NA,L,YOY
2008-07-25,1,6,dq,OGXX,NA,NA,NA,L,recapture
2008-07-25,1,6,dq,OXRX,27,38,0.39,L,NA
2008-07-25,1,8,ew,NA,NA,NA,NA,L,YOY
2008-07-25,1,8,ew,NA,NA,NA,NA,L,YOY
2008-07-25,1,8,ew,NA,NA,NA,NA,L,YOY
2008-07-25,1,10,ew,NA,NA,NA,NA,L,YOY
2008-07-25,2,1,ew,NA,NA,NA,NA,L,YOY
2008-07-25,2,2,do,NA,NA,NA,NA,L,YOY
2008-07-25,2,3,ew,NA,NA,NA,NA,L,YOY
2008-07-25,2,3,dq,OXRX,23,42,0.29,L,NA
2008-07-25,2,6,ew,NA,NA,NA,NA,L,YOY
2008-07-25,2,6,ew,NA,NA,NA,NA,L,YOY
2008-07-25,2,6,ew,NA,NA,NA,NA,L,YOY
2008-07-25,2,6,ew,NA,NA,NA,NA,L,YOY
2008-07-25,2,6,ew,NA,NA,NA,NA,L,YOY
2008-07-25,2,6,ew,NA,NA,NA,NA,L,YOY
2008-07-25,2,10,dq,OXRX,NA,NA,NA,L,recapture
2008-07-25,3,1,do,NA,NA,NA,NA,L,YOY
2008-07-25,3,2,ew,NA,NA,NA,NA,L,YOY
2008-07-25,3,2,ew,NA,NA,NA,NA,L,YOY
2008-07-25,3,3,ew,NA,NA,NA,NA,L,YOY
2008-07-25,3,3,ew,NA,NA,NA,NA,L,YOY
2008-07-25,3,4,dq,RRXO,22,37,0.3,L,NA
2008-07-25,3,4,ew,NA,NA,NA,NA,L,YOY
2008-07-25,3,6,ew,NA,NA,NA,NA,L,YOY
2008-07-25,3,7,dq,OOXR,21,36,0.25,L,NA
2008-07-26,1,1,ew,NA,NA,NA,NA,L,YOY
2008-07-26,1,1,ew,NA,NA,NA,NA,L,YOY
2008-07-26,1,2,ew,NA,NA,NA,NA,L,YOY
2008-07-26,1,2,ew,NA,NA,NA,NA,L,YOY
2008-07-26,1,2,do,NA,NA,NA,NA,L,YOY
2008-07-26,1,3,ew,NA,NA,NA,NA,L,YOY
2008-07-26,1,6,ew,NA,NA,NA,NA,L,YOY
2008-07-26,1,8,ew,NA,NA,NA,NA,L,YOY
2008-07-26,1,8,ew,NA,NA,NA,NA,L,YOY
2008-07-26,1,8,ew,NA,NA,NA,NA,L,YOY
2008-07-26,1,9,ew,NA,NA,NA,NA,L,YOY
2008-07-26,2,1,ew,NA,NA,NA,NA,L,YOY
2008-07-26,2,1,ew,NA,NA,NA,NA,L,YOY
2008-07-26,2,2,ew,NA,NA,NA,NA,L,YOY
2008-07-26,2,6,ew,NA,NA,NA,NA,L,YOY
2008-07-26,2,6,dm,NA,NA,NA,NA,A,lost
2008-07-26,2,7,ew,NA,NA,NA,NA,L,YOY
2008-07-26,3,2,dq,OOOR,NA,NA,NA,L,NA
2008-07-26,3,4,ew,NA,NA,NA,NA,L,YOY
2008-07-26,3,4,dq,RRRO,NA,NA,NA,L,NA
2008-07-26,3,5,ew,NA,NA,NA,NA,L,YOY
2008-07-26,3,6,gp,RRRO,NA,NA,NA,L,YOY
2008-07-26,3,6,ew,NA,NA,NA,NA,L,YOY
2008-07-26,3,9,ew,NA,NA,NA,NA,L,YOY
2008-07-26,3,10,ew,NA,NA,NA,NA,L,YOY
2008-07-27,4,1,dq,ORXX,33,46,0.76,L,NA
2008-07-27,4,1,gp,ORXX,57,101,3.76,L,NA
2008-07-27,4,1,ew,NA,NA,NA,NA,L,YOY
2008-07-27,4,2,dq,ROXX,33,64,1.21,L,NA
2008-07-27,4,2,ew,NA,NA,NA,NA,L,YOY
2008-07-27,4,3,ew,NA,NA,NA,NA,L,YOY
2008-07-27,4,6,ew,NA,NA,NA,NA,L,YOY
2008-07-27,4,9,ew,NA,NA,NA,NA,L,YOY
2008-07-27,4,9,ew,NA,NA,NA,NA,L,YOY
2008-07-27,4,9,ew,NA,NA,NA,NA,L,YOY
2008-07-27,4,9,do,NA,NA,NA,NA,L,YOY
2008-07-27,4,9,dq,OXRX,42,73,1.47,A,NA
2008-07-27,4,10,ew,NA,NA,NA,NA,L,YOY
2008-07-27,4,10,dm,ORXX,30,57,0.63,A,NA
2008-07-27,6,2,do,NA,NA,NA,NA,L,YOY
2008-07-27,6,3,do,NA,NA,NA,NA,L,YOY
2008-07-27,6,7,ew,NA,NA,NA,NA,L,YOY
2008-07-27,5,1,dq,ORXX,29,52,0.52,L,NA
2008-07-27,5,2,dq,XGXX,NA,NA,NA,L,recapture
2008-07-27,5,2,ew,NA,NA,NA,NA,L,YOY
2008-07-27,5,3,dq,ROXX,35,70,NA,L,NA
2008-07-27,5,5,ew,NA,NA,NA,NA,L,YOY
2008-07-27,5,5,ew,NA,NA,NA,NA,L,YOY
2008-07-27,5,6,ew,NA,NA,NA,NA,L,YOY
2008-07-27,5,9,dq,NA,50,75,NA,A,NA
2008-07-28,4,1,gp,ORXX,NA,NA,NA,L,recapture
2008-07-28,4,1,dq,RXOX,24,37,0.25,L,NA
2008-07-28,4,2,dq,ROXX,NA,NA,NA,L,recapture
2008-07-28,4,10,ew,NA,NA,NA,NA,L,YOY
2008-07-28,5,1,dq,NA,50,70,NA,A,NA
2008-07-28,5,10,ew,NA,NA,NA,NA,L,YOY
